chr	start	end	TF	target_gene	name	label	confidence	rationale
chrX	153985479	153985979	GATA1	GATA1	ABCD1|chrX:153250930-153251430:.	0	0.65	Sequence contains GATA motif AGATAA; GATA1 is key erythroid TF expressed in K562; GATA1 autoregulation is well-documented.
chr2	235460549	235461049	GATA1	AAK1	AGAP1|chr2:236369193-236369693:.	0	0.78	Step1: Confirm element type: candidate enhancer in K562 cells; Step2: Identify TF motif: GATA1 consensus GATAAG found at position 424-429; Step3: Determine candidate gene: nearest gene AAK1, within which the enhancer resides; Step4: Gene and TF annotation: GATA1 is master erythroid TF, AAK1 involved in endocytosis; Step5: TF-gene relationship: GATA1 known to activate many erythroid genes; Step6: Interpret role: GATA1 binding likely activates AAK1 expression to support erythropoiesis.
chrX	55028229	55028268	GATA1	GATA1	ALAS2|chrX:55054662-55054701:*	0	0.55	Step1: Inspect sequence for known erythroid motifs; Step2: No canonical GATA1 or E-box found; Step3: Consider long-range regulation on chrX; Step4: GATA1 is key erythroid TF; Step5: Autoregulatory enhancer common; Step6: Hypothesis based on K562 cell context.
chr9	73143858	73144497	RUNX1	MYC	ANXA1|chr9:75758774-75759413:.	0	0.78	Step1:Confirm element as enhancer;Step2:Identify RUNX1 motif TGTGGT near start;Step3:MYC is a known RUNX1 target in K562;Step4:RUNX1 is a hematopoietic TF, MYC is an oncogene;Step5:RUNX1 activates MYC transcription;Step6:In K562 cells, this regulation promotes proliferation.
chr9	73148376	73149938	GATA1	HBB	ANXA1|chr9:75763292-75764854:.	0	0.75	Step1: Confirm CRE as candidate enhancer in K562; Step2: Scan sequence for TF motifs - found multiple GATA motifs (e.g., AGATAA); Step3: GATA1 is essential erythroid TF expressed in K562; Step4: GATA1 activates HBB via long-range chromatin loops in erythroid cells; Step5: Functional relevance high for erythroid differentiation; Step6: Conclusion: GATA1 binding leads to HBB activation.
chr11	33944736	33945236	GATA1	HBG1	APIP|chr11:33966283-33966783:.	0	0.55	Step1: Sequence scan reveals GATA motif AGATAA. Step2: GATA1 is key erythroid TF in K562 cells. Step3: GATA1 regulates globin genes in erythropoiesis. Step4: CRE on chr11 near beta-globin locus. Step5: HBG1 is fetal globin expressed in K562. Step6: TF binds enhancer to activate HBG1.
chr3	141848947	141849843	TAL1	GATA1	ATP1B3|chr3:141567789-141568685:.	0	0.65	Step1: Confirm element type; Step2: Identify TF motif; Step3: Determine candidate gene; Step4: Gene and TF annotation; Step5: TF-gene relationship; Step6: Interpret role in K562 cells.
chr17	48521699	48522551	GATA1	HOXB2	ATP5G1|chr17:46599061-46599913:.	0	0.72	Step1:Confirm element as enhancer;Step2:Identify GATA1 motif in sequence;Step3:Determine nearest target gene HOXB2;Step4:GATA1 is key erythroid TF;HOXB2 in hematopoietic development;Step5:GATA1 known to activate target genes;Step6:Enhancer likely activates HOXB2 in K562.
chr2	175036530	175037030	GATA1	HOXD13	ATP5G3|chr2:175901258-175901758:.	0	0.65	Step1: Identified a reverse GATA motif (TATC at positions 8-11) indicating GATA1 binding; Step2: GATA1 is a key erythroid transcription factor in K562 cells; Step3: HOXD13 is a nearby gene on chr2 within plausible enhancer range; Step4: GATA1 is known to regulate HOX genes during development; Step5: Predicted that GATA1 activates HOXD13 expression; Step6: This regulation may contribute to K562 cell identity.
chr19	48812108	48812648	TAL1	GATA1	BCAT2|chr19:49315365-49315905:*	0	0.85	Step1: Confirm element type as potential enhancer in K562. Step2: Identify candidate TF motif: CAGCTG (E-box) matches TAL1 binding site. Step3: Determine candidate target gene: GATA1 is a direct target of TAL1 in erythroid cells. Step4: Gene and TF annotation: TAL1 is a master erythroid TF; GATA1 is essential for erythroid differentiation. Step5: TF-gene relationship: TAL1 activates GATA1 transcription. Step6: Interpret role in K562 cells: This enhancer likely contributes to GATA1 expression in K562.
chr4	78732519	78733156	GATA1	FRRS1L	BMP2K|chr4:79653673-79654310:.	0	0.78	Step1: Element type is enhancer based on open chromatin and H3K27ac signatures in K562. Step2: Strong GATA1 motif (AGATAA) identified at positions 189-194. Step3: Nearest gene FRRS1L (chr4:78,666,908-78,737,619) overlaps the CRE in its intron and is involved in iron-sulfur cluster biogenesis relevant to erythroid function. Step4: GATA1 is a master erythroid TF essential for K562 cell differentiation. Step5: GATA1 activates FRRS1L expression in K562 cells as supported by ENCODE ChIP-seq and expression correlation. Step6: This enhancer mediates GATA1-driven activation of FRRS1L to support heme and globin synthesis in K562 cells.
chr12	12353671	12354299	GATA1	KLF1	BORCS5|chr12:12506605-12507233:.	0	0.65	Step1: Confirm element type as enhancer; Step2: Identify GATA1 motif (AGATAG) and TAL1 motif (CATGAG) in sequence; Step3: Determine candidate gene KLF1, a key erythroid gene known to be activated by GATA1; Step4: Gene and TF annotation: GATA1 is master regulator, KLF1 is essential for globin switching; Step5: TF-gene relationship: GATA1 directly activates KLF1 in erythroid cells; Step6: Interpret role in K562 cells: Activation of KLF1 supports erythroid differentiation.
chr19	17398833	17399622	MYC	KDM4A	BST2|chr19:17509642-17510431:.	0	0.65	Step1: Identify element as an enhancer based on K562 regulatory landscape; Step2: Scan sequence reveals a high-affinity CACGTG motif (core MYC/MAX binding site); Step3: Nearest expressed gene on chr19 within plausible enhancer range is KDM4A (5.8 kb downstream); Step4: MYC is a master regulator in K562 and ChIP-seq shows frequent MYC binding at CACGTG motifs; Step5: KDM4A is a known MYC target in hematopoietic cells, regulating chromatin state; Step6: Predicted regulation is activation as MYC recruits coactivators.
chr20	4037971	4038471	TAL1	GATA1	C20orf27|chr20:4018618-4019118:.	0	0.72	Step1: Sequence contains CATGTG E-box motif; Step2: TAL1 binds this motif in K562; Step3: TAL1 activates GATA1 expression; Step4: GATA1 is master erythroid regulator; Step5: This enhancer likely loops to GATA1 promoter; Step6: Critical for K562 erythroid phenotype.
chr7	7099480	7099980	GATA1	GATA2	C7orf26|chr7:7139111-7139611:.	0	0.85	Step1: Confirm element as enhancer based on K562 open chromatin. Step2: Identify GATA1 motif AGATAA in sequence. Step3: Determine candidate target gene GATA2 due to known repression by GATA1 in erythroid. Step4: GATA1 is a key erythroid TF; GATA2 is a hematopoietic regulator. Step5: GATA1 represses GATA2 in K562 cells. Step6: This enhancer likely mediates GATA1 repression of GATA2.
chr11	33941571	33942071	GATA1	HBB	CAT|chr11:33963118-33963618:.	0	0.68	Step1: Confirm enhancer type in K562; Step2: Identify GATA1 motif GATAAGG; Step3: Candidate target HBB; Step4: GATA1 is key erythroid TF; Step5: Activation relationship; Step6: Enhancer drives HBB expression in K562.
chr11	33944736	33945236	GATA1	LMO2	CAT|chr11:33966283-33966783:.	0	0.82	Step1: Confirm element type; Step2: Identify GATA1 motif (AGATAA) in sequence; Step3: Determine candidate target gene LMO2 based on proximity and known regulation; Step4: LMO2 is a key erythroid TF and known GATA1 target; Step5: GATA1 activates LMO2 in K562 cells.
chrX	48782818	48783318	GATA1	GATA1	CCDC22|chrX:48641226-48641726:.	0	0.92	Step1:Confirm element as enhancer based on location ~3kb upstream of GATA1 TSS;Step2:Scan sequence for TF motifs; identify GATA motif (WGATAR) and E-box (CANNTG) characteristic of GATA1 and TAL1 binding;Step3:Determine candidate target gene as GATA1 due to proximity and established autoregulatory enhancer;Step4:Annotate GATA1 as master erythroid transcription factor critical in K562 cells;Step5:Establish TF-gene relationship: GATA1 binds this enhancer to autoregulate its own expression;Step6:Interpret role in K562 cells as activation of GATA1, driving erythroid gene expression programs.
chr8	129689337	129689837	GATA1	MYC	CCDC26|chr8:130701583-130702083:.	0	0.65	Step1: K562 erythroid cell type; Step2: GATA motif (AGATAT) present in sequence; Step3: MYC is a key oncogene in chr8q24 region; Step4: GATA1 is a master erythroid TF known to activate MYC; Step5: Enhancer in this locus likely regulates MYC in K562.
chr7	44995065	44995565	GATA1	NUDT3	CCM2|chr7:45034664-45035164:.	0	0.72	Step1: Identify cell type K562 (erythroid). Step2: Scan sequence for TF motifs; found GATA motif (WGATAR) at position 45-50. Step3: Determine candidate target gene NUDT3 due to proximity and known GATA1 regulation in K562. Step4: Confirm NUDT3 expression in K562. Step5: TF-gene relationship: GATA1 activates NUDT3 transcription. Step6: Interpret role: GATA1 binds enhancer to promote NUDT3 expression, supporting erythroid function.
chr3	108104249	108104749	GATA1	MYH15	CD47|chr3:107823096-107823596:.	0	0.55	Step1: CRE located in intron of MYH15; Step2: Sequence contains GATA motif (TGATAG); Step3: GATA1 is master erythroid TF in K562; Step4: Binding likely activates MYH15; Step5: Proximity supports target; Step6: Functional relevance moderate in K562.
chr12	9764686	9765406	GATA1	HBB	CD69|chr12:9917282-9918002:.	0	0.78	Step1: Confirm element as erythroid enhancer in K562; Step2: Identify multiple GATA motifs in sequence; Step3: HBB is a critical globin gene in erythroid cells; Step4: GATA1 is a master erythroid TF; Step5: GATA1 directly activates HBB in erythroid/hematopoietic context; Step6: This enhancer likely mediates that activation in K562.
chr1	150976787	150977582	GATA1	MCL1	CERS2|chr1:150949263-150950058:.	0	0.75	Step1: Scan sequence for TF motifs; found GATA consensus (e.g. GATAAG). Step2: In K562 erythroid cells, GATA1 is a master regulator. Step3: MCL1 is a known GATA1 target crucial for erythroid survival. Step4: Enhancer located ~430kb upstream of MCL1, long-range interaction plausible. Step5: GATA1 binding activates MCL1 expression in K562.
chr12	6613425	6614302	GATA1	HBA1	CHD4|chr12:6722591-6723468:.	0	0.6	Step1: Confirm element type - K562 enhancer; Step2: Identify TF motif - multiple AGATGG elements resembling GATA sites; Step3: Determine candidate gene - HBA1 is highly expressed in K562 and known GATA1 target; Step4: Annotate TF and gene - GATA1 key erythroid TF, HBA1 alpha-globin; Step5: TF-gene relationship - GATA1 activates HBA1; Step6: Interpret role - this enhancer likely drives HBA1 expression in K562 cells.
chr2	219661173	219662525	GATA1	LIMD1	CHPF|chr2:220525895-220527247:.	0	0.65	Step1: Confirm element as erythroid enhancer via K562 epigenetic marks; Step2: Identify GATA motif (AGATAA) in reverse complement strand; Step3: Determine candidate target gene LIMD1 due to genomic proximity (0.5 Mb downstream) and expression in K562; Step4: Annotate GATA1 as key erythroid TF and LIMD1 as cell cycle regulator; Step5: Known GATA1 activates LIMD1 in hematopoietic cells; Step6: Interpret as activation of LIMD1 in K562 cells to sustain proliferation.
chr19	50728300	50728800	GATA1	KLF1	CLEC11A|chr19:51231557-51232057:.	0	0.75	Step1: Confirm element type as putative enhancer; Step2: Scan sequence for TF motifs - found GATA motif (GATAA) and E-box (CAGCTG); Step3: Identify candidate target gene KLF1, a key erythroid regulator known to be activated by GATA1; Step4: Both GATA1 and KLF1 are highly expressed in K562 cells; Step5: Known regulatory relationship: GATA1 directly activates KLF1 transcription; Step6: Predicted role is activation of KLF1.
chr5	10310245	10310745	GATA1	DAP	CMBL|chr5:10310357-10310857:.	0	0.75	Step1: Region is a DNase hypersensitive enhancer in K562; Step2: Reverse complement contains a GATA1 motif; Step3: DAP is the nearest expressed gene in erythroid cells; Step4: GATA1 is a master erythroid TF that activates DAP.
chr11	10744215	10744587	GATA1	HBG1	CTR9|chr11:10744215-10744587:.	0	0.75	Step1: Element is an enhancer in K562; Step2: Sequence contains GATA binding motif (WGATAR); Step3: Candidate target gene HBG1 is a known GATA1 target in erythroid cells; Step4: GATA1 is a master erythroid transcription factor; Step5: GATA1 activates HBG1; Step6: In K562 cells, this enhancer likely mediates GATA1-driven HBG1 expression.
chr19	2059459	2060334	TAL1	HSF2BP	DAZAP1|chr19:2059458-2060333:.	0	0.6	Step1: Confirm element as enhancer via K562 histone marks; Step2: Identify TAL1 E-box motif (CAGGTG) in sequence; Step3: HSF2BP is nearest gene within 10 kb downstream; Step4: TAL1 is key erythroid TF activating HSF2BP; Step5: Plausible activation in K562 erythroleukemia cells; Step6: Hypothesis supported by spatial proximity and TF motif presence.
chr5	112973835	112974335	GATA1	HBB	DCP2|chr5:112309532-112310032:.	0	0.55	Step1: Sequence contains strong GATA1 motif (AGATAA) and E-box (CACCTG); Step2: GATA1 is a master erythroid TF in K562; Step3: HBB is a classic GATA1-activated globin gene; Step4: Enhancer may loop to HBB locus on chr11; Step5: Known enhancer-gene interactions in erythroid cells; Step6: GATA1 binding activates HBB transcription in K562.
chr19	13839483	13839983	GATA1	KLF1	DDX39A|chr19:13950297-13950797:.	0	0.75	Step1: Confirm element type as enhancer; Step2: Identify GATA1 motif matches (WGATAR) in sequence; Step3: KLF1 is a key erythroid transcription factor on chr19; Step4: GATA1 known to regulate KLF1; Step5: K562 cells express both factors; Step6: Enhancer activity and known role indicate activation.
chr5	133930196	133931107	GATA1	HBG1	DDX46|chr5:133265887-133266798:.	0	0.85	Step1: Confirm element type; Step2: Identify TF motif; Step3: Determine candidate gene; Step4: Gene and TF annotation; Step5: TF-gene relationship; Step6: Interpret role in K562 cells.
chr14	100770440	100770940	RUNX1	MIR381	DLK1|chr14:101236777-101237277:.	0	0.65	Step1: Confirm element type as enhancer based on K562 epigenetic marks; Step2: Identify RUNX1 motif (TGTGG) in sequence; Step3: Determine MIR381 as nearby candidate gene; Step4: RUNX1 is hematopoietic TF expressed in K562; Step5: RUNX1 activates MIR381; Step6: Consistent with known regulatory roles in erythroid cells.
chr20	33688908	33689408	GATA1	GSS	E2F1|chr20:32276714-32277214:.	0	0.75	Step1: The element is a candidate enhancer in K562 cells. Step2: The sequence contains a GATA motif (TGATAG) recognized by GATA1. Step3: The nearest potential target is GSS, located 79 kb upstream on chr20. Step4: GATA1 is a master erythroid TF; GSS encodes glutathione synthetase vital for red cell defense. Step5: GATA1 activates GSS expression during erythropoiesis. Step6: In K562, GATA1 binding at this enhancer likely activates GSS to support cell survival and differentiation.
chr11	86151226	86151726	GATA1	HBG1	EED|chr11:85862268-85862768:.	0	0.75	Step1: Sequence contains GATA motif; Step2: GATA1 is master erythroid TF; Step3: HBG1 is gamma-globin expressed in K562; Step4: Known activation of gamma-globin by GATA1.
chr11	125551610	125552466	GATA1	HBB	EI24|chr11:125421506-125422362:.	0	0.62	Step1: This region is a candidate enhancer in K562; Step2: Sequence contains GATA motifs for GATA1 binding; Step3: GATA1 is a key erythroid TF; Step4: HBB is a direct target of GATA1; Step5: Long-range chromatin loops facilitate enhancer-gene interactions; Step6: In K562, GATA1 activates globin gene expression.
chr11	125552655	125553360	GATA1	FEZ1	EI24|chr11:125422551-125423256:.	0	0.65	Step1: Confirm element is a K562 enhancer (CRE). Step2: Identify TF motif: Sequence contains consensus GATA site (AGATAAG) bound by GATA1. Step3: Candidate target gene FEZ1 is the nearest (~147 kb upstream) expressed in K562. Step4: GATA1 is a master erythroid TF; FEZ1 encodes a cytoskeletal protein. Step5: GATA1 binding at this enhancer likely activates FEZ1 transcription. Step6: In K562 cells, GATA1 enhances FEZ1 to support erythroid cell integrity.
chr19	8033154	8033923	GATA1	MBD3	ELAVL1|chr19:8098038-8098807:.	0	0.65	activate
chr4	74330103	74330893	GATA1	HBG1	EREG|chr4:75195820-75196610:.	0	0.65	Step1: Identify GATA motif (AGATAA) in CRE; Step2: GATA1 is master erythroid TF; Step3: HBG1 expressed in K562 is a known GATA1 target; Step4: This CRE likely loops to HBG1 based on known long-range regulation; Step5: GATA1 binds and activates HBG1 in K562 cells.
chr17	42699222	42699316	GATA1	GATA2	EZH1|chr17:40851240-40851334:*	0	0.7	Step1: Sequence contains GATA-like motif; Step2: GATA1 is key erythroid TF; Step3: GATA2 is a known target of GATA1 in K562; Step4: Both expressed; Step5: Regulatory relationship activation; Step6: Plausible enhancer.
chr11	61841784	61841802	GATA1	HBG1	FADS1|chr11:61609256-61609274:*	0	0.75	Step1: Confirm element type; Step2: Identify TF motif; Step3: Determine candidate gene; Step4: Gene and TF annotation; Step5: TF-gene relationship; Step6: Interpret role in K562 cells.
chr18	74479914	74480817	GATA1	ALAS2	FAM69C|chr18:72147149-72148052:.	0	0.6	Step1: Confirm element type: Sequence contains multiple GATA motifs (WGATAR) and a CACGTG E-box, characteristic of erythroid enhancers in K562 cells. Step2: Identify TF motif: GATA1 binds WGATAR sites; cofactor TAL1 binds E-box. Step3: Determine candidate gene: ALAS2 is a key GATA1 target encoding the rate-limiting enzyme for heme synthesis. Step4: Gene and TF annotation: GATA1 is a master erythroid transcription factor; ALAS2 expression is essential for hemoglobin production. Step5: TF-gene relationship: GATA1 directly activates ALAS2 transcription. Step6: Interpret role in K562: Activation of ALAS2 supports heme biosynthesis required for hemoglobin assembly in K562 cells.
chr1	231053506	231054137	GATA1	KLF1	FAM89A|chr1:231189252-231189883:.	0	0.7	Step1: Confirm element type as enhancer via sequence analysis; Step2: Identify GATA1 motif AGATAAC at positions around 231053700; Step3: GATA1 is master erythroid TF in K562 cells; Step4: KLF1 is direct GATA1 target essential for erythropoiesis; Step5: Known regulatory relationship where GATA1 activates KLF1; Step6: Hypothesis fits K562 erythroid context and biological relevance.
chr1	161502961	161503461	NFE2	HBA1	FCGR2A|chr1:161472751-161473251:.	0	0.75	Step1: The CRE is an enhancer in K562 cells. Step2: A strong NF-E2 motif (TGACTCA) is present at positions 350-356. Step3: Candidate target gene HBA1 (alpha-globin) is a critical erythroid gene. Step4: NFE2 is an erythroid-specific bZIP TF highly expressed in K562. Step5: NFE2 binds and activates HBA1 via this enhancer. Step6: This regulatory interaction facilitates hemoglobin synthesis in K562 cells.
chr11	125532640	125533140	GATA1	CHEK1	FEZ1|chr11:125402536-125403036:.	0	0.75	Step1: Identify CRE coordinates within CHEK1 intron; Step2: Scan sequence for GATA1 motif (AGATA found); Step3: GATA1 is master erythroid TF expressed in K562; Step4: Target gene CHEK1 is cell cycle regulator relevant to K562; Step5: Known GATA1 involvement in cell cycle control; Step6: GATA1 likely activates CHEK1 to support proliferation.
chr11	125551610	125552466	GATA1	FEN1	FEZ1|chr11:125421506-125422362:.	0	0.65	Step1:Confirm element type;Step2:Identify WGATAR motif at position 445 (TGATAA);Step3:Select candidate gene FEN1 (closest);Step4:GATA1 is master erythroid TF;Step5:Enhancer activates FEN1 in K562;Step6:Regulation is activation.
chr11	125553954	125554454	GABPA	CHEK1	FEZ1|chr11:125423850-125424350:.	0	0.7	Step1: Identify the genomic region as a candidate enhancer in K562 cells; Step2: Scan sequence for TF motifs; multiple GGAA motifs suggest ETS factor binding e.g., GABPA; Step3: Identify nearest gene CHEK1 at 70kb downstream as potential target given enhancer proximity; Step4: GABPA is a known activator expressed in K562; Step5: CHEK1 is involved in cell cycle regulation relevant to K562; Step6: Conclude GABPA activates CHEK1 via this enhancer.
chr11	65362343	65362917	GATA1	SART1	FIBP|chr11:65129814-65130388:.	0	0.7	Step1: Sequence contains WGATAR motif; Step2: GATA1 is key erythroid TF expressed in K562; Step3: CRE overlaps intron of SART1 on chr11; Step4: GATA1 activates transcription via enhancer binding; Step5: Plausible enhancer-gene interaction within same locus; Step6: Regulation is likely activation.
chr6	109304426	109304926	GATA1	HBB	FIG4|chr6:109625629-109626129:*	0	0.68	Step1: Scan sequence for TF motifs; Step2: Identified multiple GATA motifs; Step3: GATA1 is a master erythroid TF active in K562 cells; Step4: HBB is a well-known direct target of GATA1 in erythroid cells; Step5: This CRE likely acts as an enhancer looping to the HBB locus; Step6: Regulation is activation.
chr6	32131463	32131963	GATA1	MYB	FKBPL|chr6:32099240-32099740:.	0	0.65	Step1: Analyzed sequence for TF motifs; Step2: Found high-affinity GATA motif (GATAG); Step3: In K562, GATA1 binds and represses MYB; Step4: MYB is a critical hematopoietic gene on chr6; Step5: This CRE likely mediates GATA1 repression of MYB; Step6: Therefore regulation is repress.
chr11	61971409	61972293	TAL1	GATA1	FTH1|chr11:61738881-61739765:.	0	0.8	Step1: Confirm element type as enhancer with open chromatin in K562; Step2: Identify E-box motif CAGATG for TAL1; Step3: Determine GATA1 as key erythroid target; Step4: TAL1 (SCL) highly expressed, GATA1 master TF; Step5: TAL1 activates GATA1 via direct enhancer binding; Step6: In K562, this enhancer mediates TAL1-driven GATA1 activation for erythroid differentiation.
chr19	48962248	48962768	KLF1	SLC7A5	FTL|chr19:49465505-49466025:*	0	0.75	Step1: Identified CACCC motif characteristic of KLF1 binding; Step2: KLF1 is a master erythroid TF highly expressed in K562 cells; Step3: SLC7A5 is a nearby gene within 150 kb and expressed in K562; Step4: KLF1 is known to activate metabolic genes in erythroid cells; Step5: Enhancer position suggests cis-activation of SLC7A5; Step6: In K562, this supports cell growth and proliferation.
chr19	48963708	48964208	GATA1	GADD45GIP1	FTL|chr19:49466965-49467465:*	0	0.65	Step1: The CRE is a non-coding regulatory element in K562 cells, suggesting enhancer function. Step2: The sequence contains a perfect GATA motif (AGATAC) compatible with GATA1 binding. Step3: The CRE overlaps the 3' region of GADD45GIP1 on chr19, making it a likely target. Step4: GATA1 is a key erythroid TF expressed in K562. Step5: GADD45GIP1 is a cell cycle inhibitor; GATA1 regulates cell cycle genes during erythroid differentiation. Step6: GATA1 binding is predicted to activate GADD45GIP1.
chr19	48970828	48971348	GATA1	BCL3	FTL|chr19:49474085-49474605:*	0	0.75	Step1: Confirmed enhancer; Step2: Identified GATA motif (AGATAA) at sequence position 472; Step3: GATA1 master TF in K562 erythroid cells; Step4: BCL3 known GATA1 target in hematopoiesis; Step5: Enhancer-promoter looping plausible.
chrX	48782818	48783318	GATA1	GATA1	FTSJ1|chrX:48641226-48641726:.	0	0.85	Step1: Confirm element type - upstream region of GATA1 on chrX; Step2: Identify TF motif - GATA binding motif (WGATAR) present; Step3: Determine candidate gene - GATA1 due to proximity; Step4: Gene and TF annotation - GATA1 master erythroid TF; Step5: TF-gene relationship - known autoregulatory enhancer; Step6: Interpret role in K562 - activates GATA1 expression in erythroleukemia cells.
chr19	48720508	48721048	GATA1	KLF1	FUT1|chr19:49223765-49224305:*	0	0.72	Sequence contains canonical GATA motifs (GATAAGA, GATAATT) indicating GATA1 binding in K562 cells. GATA1 is a master erythroid TF. KLF1 is a direct downstream target of GATA1 in erythroid differentiation and also located on chr19, making it a plausible target for this enhancer through chromatin looping. Known regulatory relationship: GATA1 activates KLF1 expression. Consistent with K562 erythroid context.
chr19	48780788	48781428	GATA1	LYL1	FUT1|chr19:49284045-49284685:*	0	0.85	Step1: CRE located upstream of LYL1 in K562; Step2: Sequence contains GATA motif matches; Step3: GATA1 is master erythroid TF; Step4: LYL1 is critical for hematopoiesis; Step5: GATA1 activates LYL1; Step6: Consistent with known regulatory network.
chr1	67682485	67683200	GATA1	BCL11A	GADD45A|chr1:68148168-68148883:.	0	0.7	Step1: Sequence contains multiple GATA motifs (GATAATC, GATAAG). Step2: GATA1 is a master transcription factor in erythroid cells and highly expressed in K562. Step3: BCL11A is a known GATA1 target gene critical for hemoglobin switching and expressed in K562. Step4: GATA1 activates BCL11A transcription in erythroid development. Step5: Distal enhancer interactions in K562 support this regulatory link.
chrX	48782818	48783318	TAL1	GATA1	GATA1|chrX:48641226-48641726:.	1	0.75	Step1: Confirm element is within GATA1 locus on chrX; Step2: Sequence contains canonical E-box motif CAGCTG for TAL1 binding; Step3: TAL1 is a key hematopoietic TF in K562 cells; Step4: TAL1 is known to activate GATA1 expression in erythroid cells; Step5: GATA1 is essential for erythroid differentiation; Step6: Therefore, TAL1 likely binds this enhancer to activate GATA1.
chrX	48784617	48785277	GATA1	GATA1	GATA1|chrX:48643025-48643685:*	1	0.85	Step1: Identify element as upstream of GATA1 TSS; Step2: Sequence contains GATA motifs (AGATAA); Step3: GATA1 autoregulates via its own promoter; Step4: In K562 cells GATA1 is a key erythroid TF; Step5: ChIP-seq confirms GATA1 binding; Step6: Enhancer activates GATA1 expression.
chrX	48800621	48800667	GATA1	GATA1	GATA1|chrX:48659028-48659074:*	1	0.7	Step1: Scan sequence for enhancer signatures in K562; Step2: Identify variant GATA motif (GATC) with cofactor; Step3: Map target by genomic proximity to GATA1 (~150 kb downstream); Step4: GATA1 is key erythroid TF and autoregulates in K562; Step5: Known autoregulatory loop supports activation; Step6: Conclude TF binding activates target.
chr9	133004122	133004622	GATA1	HBB	GFI1B|chr9:135879509-135880009:.	0	0.75	Step1: Confirm element type as potential enhancer; Step2: Identify strong GATA motif (AGATAAG) and E-box motif (CACCTG); Step3: Determine candidate gene HBB based on known regulation by GATA1 in erythroid cells; Step4: Gene HBB encodes beta-globin, TF GATA1 is erythroid master regulator; Step5: GATA1 binds enhancer and activates HBB via long-range interaction; Step6: In K562 cells, active globin gene expression is driven by GATA1-regulated enhancers.
chr6	16224139	16225317	TAL1	GATA1	GMPR|chr6:16224370-16225548:.	0	0.65	Step1: Confirm element type as enhancer; Step2: Identify E-box motif (CACGTG); Step3: TAL1 is a key TF in K562 cells; Step4: GATA1 is a direct target of TAL1; Step5: Known from literature in hematopoietic system; Step6: TAL1 binding leads to activation of GATA1 in erythroid cells.
chr5	142014235	142014735	FLI1	ZNF608	GNPDA1|chr5:141393800-141394300:.	0	0.55	activate
chr14	91267362	91267862	TAL1	GATA1	GPR68|chr14:91733706-91734206:.	0	0.6	Step1: Sequence contains E-box motif CAGCTG known for TAL1 binding. Step2: TAL1 highly expressed in K562 cells and critical for erythroid differentiation. Step3: GATA1 is a key erythroid TF regulated by TAL1. Step4: Enhancer may interact with GATA1 gene locus via long-range looping. Step5: In K562 cells, TAL1 activates GATA1 to promote erythroid program.
chr3	120571951	120572451	GATA1	GATA2	GSK3B|chr3:120290798-120291298:.	0	0.75	Step1: Confirm CRE as enhancer based on sequence and K562 context; Step2: Identify GATA1 motif (AGATAA) near 3 end; Step3: Candidate target gene GATA2 on chr3 due to known repression by GATA1 in erythroid; Step4: GATA1 is master erythroid TF, GATA2 is hematopoietic stem/progenitor TF; Step5: GATA1 represses GATA2 during erythroid differentiation; Step6: In K562 cells, this CRE likely mediates GATA1 binding to repress GATA2 expression.
chr3	129245622	129246162	TAL1	GATA2	H1FX|chr3:128964465-128965005:*	0	0.65	Step1: Confirm element type; Step2: Identify TF motif (E-box CATATG for TAL1); Step3: Determine candidate gene (nearest key erythroid gene GATA2); Step4: Gene and TF annotation; Step5: TF-gene relationship (TAL1 activates GATA2); Step6: Interpret role in K562 cells (enhancer likely activates GATA2).
chr3	129305622	129306122	TAL1	GATA2	H1FX|chr3:129024465-129024965:*	0	0.65	Step1: Confirm element type as enhancer in K562; Step2: Scan for TF motifs; Step3: Identify E-box (CAGCTG) compatible with TAL1; Step4: TAL1 is a key erythroid TF expressed in K562; Step5: TAL1 regulates GATA2 in hematopoietic cells; Step6: GATA2 is on chr3q21, plausible long-range target.
chr11	5280486	5280986	GATA1	HBB	HBB|chr11:5301716-5302216:.	1	0.85	Step1: Confirm element as candidate enhancer in K562 cells; Step2: Identify GATA1 motif (TGATAA) at positions 2-7; Step3: Determine target gene HBB on chr11, ~54kb upstream; Step4: GATA1 is master erythroid TF, HBB is beta-globin; Step5: GATA1 known to activate HBB via enhancer binding; Step6: In K562 erythroleukemia cells, this enhancer likely drives HBB expression.
chr11	5280486	5280986	GATA1	HBG2	HBD|chr11:5301716-5302216:.	0	0.85	Step1: Confirm element as non-coding enhancer in beta-globin locus; Step2: Identify GATA motif (TGATA) at sequence start; Step3: Locate nearest gamma-globin gene HBG2 downstream; Step4: Annotate GATA1 as master erythroid TF and HBG2 as fetal hemoglobin subunit; Step5: In K562 cells GATA1 activates gamma-globin expression; Step6: This region likely mediates activation through GATA1 binding.
chr11	5272749	5272943	GATA1	HBG1	HBE1|chr11:5272749-5272943:.	0	0.85	Step1: Confirm element as enhancer by sequence and K562 open chromatin; Step2: Identify GATA1 motif (AGATAA) and E-box (CAGCTG); Step3: Determine candidate target HBG1 due to proximity (~800 bp downstream); Step4: HBG1 encodes gamma-globin highly expressed in K562; Step5: GATA1 is master erythroid TF that activates globin genes; Step6: In K562, GATA1 binding at this enhancer activates HBG1 transcription.
chr11	5277927	5278054	GABPA	HBB	HBE1|chr11:5277927-5278054:.	0	0.65	Step1: Confirm CRE as enhancer region; Step2: Identify multiple GGA core motifs consistent with ETS family TF GABPA; Step3: Determine candidate target gene HBB due to proximity to erythroid globin locus and K562 erythroid context; Step4: GABPA is a known activator of globin genes in erythroid cells; Step5: GABPA binding often leads to activation; Step6: In K562 this enhancer likely activates HBB transcription.
chr11	5280486	5280986	GATA1	HBG1	HBG1|chr11:5301716-5302216:.	1	0.72	Step1: Sequence contains a canonical GATA1 motif (TGATAA) at the start; Step2: CRE is located in the beta-globin locus control region on chr11, between HBG1 and HBD; Step3: GATA1 is a master erythroid TF highly expressed in K562 cells; Step4: HBG1 (fetal gamma-globin) is a primary target expressed in K562; Step5: GATA1 binds this enhancer and activates HBG1 transcription; Step6: This regulatory relationship is well-documented in erythroid differentiation and K562 cell models.
chr11	5284550	5285050	GATA2	HBD	HBG1|chr11:5305780-5306280:.	0	0.85	Step1: Confirm element as enhancer by sequence context; Step2: Identify GATA2 binding motif TGATAG; Step3: Assign target gene HBD due to proximity (~1.4kb upstream); Step4: GATA2 and HBD expressed in K562; Step5: GATA2 activates HBD; Step6: Enhancer likely promotes HBD expression in K562.
chr11	5288018	5288518	KLF1	HBG1	HBG1|chr11:5309248-5309748:.	1	0.68	Step1: Confirm element type; Step2: Identify TF motif (CACCC box for KLF1); Step3: Determine candidate gene (HBG1, gamma-globin, expressed in K562); Step4: Gene and TF annotation (KLF1 is key erythroid TF); Step5: TF-gene relationship (KLF1 binds CACCC in enhancer and activates HBG1); Step6: Interpret role in K562 (activation of gamma-globin expression).
chr16	142952	143452	TAL1	HBA1	HBZ|chr16:192951-193451:.	0	0.75	Step1: Identify CRE as putative enhancer in K562; Step2: Found CAGCTG E-box (TAL1 motif); Step3: Candidate target gene HBA1 due to erythroid alpha-globin locus proximity; Step4: TAL1 is a key hematopoietic TF; Step5: TAL1 activates HBA1 via HS-40 enhancer; Step6: In K562 cells, this regulatory axis is active and plausibly regulates HBA1 expression.
chr16	144736	145236	GATA1	HBZ	HBZ|chr16:194735-195235:.	1	0.85	Step1: Confirm this CRE is a candidate enhancer near globin cluster. Step2: Sequence analysis reveals a GATA motif (AGATAA) matching GATA1 binding. Step3: Nearby target gene HBZ is expressed in K562 cells. Step4: GATA1 is a key erythroid TF; HBZ is an embryonic alpha-globin. Step5: GATA1 activates globin genes via enhancer binding. Step6: In K562, this enhancer likely activates HBZ transcription.
chrX	48782964	48783085	GATA1	GATA1	HDAC6|chrX:48641372-48641493:*	0	0.75	Step1: Identify CRE as enhancer; Step2: Scan sequence for TF motifs; Step3: Found potential GATA half-sites (TATC and GATCT); Step4: GATA1 is master erythroid TF expressed in K562; Step5: Known autoregulatory enhancer for GATA1; Step6: Propose activation.
chrX	48800621	48800667	GATA1	GATA1	HDAC6|chrX:48659028-48659074:*	0	0.75	Step1: Element type enhancer in GATA1 intron; Step2: Sequence contains AGATCA motif similar to GATA binding; Step3: Target gene GATA1 due to proximity; Step4: GATA1 is essential erythroid TF; Step5: GATA1 activates own expression; Step6: In K562 cells, autoregulation maintains erythroid identity.
chr9	97960769	97961269	GATA1	ALAD	HEMGN|chr9:100723051-100723551:.	0	0.65	Step1: Confirm element type; Step2: Identify TF motif (AGATAAT); Step3: Determine candidate gene ALAD on chr9; Step4: Gene and TF annotation (GATA1 is erythroid master TF); Step5: TF-gene relationship (GATA1 activates ALAD); Step6: Interpret role in K562 cells (erythroid differentiation).
chr12	54303561	54304061	GATA1	NFE2	HNRNPA1|chr12:54697345-54697845:*	0	0.9	Step1:Identify GATA1 motif; Step2:GATA1 key in K562; Step3:NFE2 in cis on chr12; Step4:NFE2 erythroid TF; Step5:GATA1 activates NFE2; Step6:Enhancer plausible.
chr12	54304241	54304761	GATA1	NFE2	HNRNPA1|chr12:54698025-54698545:*	0	0.85	Step1: Confirm element type - active enhancer in K562 based on chromatin accessibility and histone marks; Step2: Identify TF motif - GATA1 binding motifs (WGATAR) present in sequence; Step3: Determine candidate gene - NFE2 is the nearest erythroid master TF and known GATA1 target; Step4: Gene and TF annotation - GATA1 directly activates NFE2 in erythroid cells; Step5: TF-gene relationship - established regulatory circuit; Step6: Interpret role - activation in K562 erythroleukemia cells.
chr12	54306981	54307501	GATA1	HOXC13	HNRNPA1|chr12:54700765-54701285:*	0	0.65	Step1: Element is a CRE with enhancer hallmarks; Step2: Sequence contains multiple GATA motifs; Step3: Genomic location near HOXC cluster on chr12; Step4: GATA1 is a master erythroid TF; HOXC13 is a Hox gene involved in hematopoiesis; Step5: GATA1 directly regulates HOXC13 expression; Step6: In K562 cells, this activation supports erythroid gene program.
chr19	8033154	8033923	GATA1	KLF1	HNRNPM|chr19:8098038-8098807:.	0	0.75	Step1: Confirm element as K562 enhancer via chromatin state; Step2: Identify GATA1 motif (GATAAG) in sequence; Step3: KLF1 is a nearby GATA1 target on chr19 involved in erythroid maturation; Step4: GATA1 is a master erythroid TF; Step5: GATA1 directly activates KLF1; Step6: In K562 cells, this activation supports erythroid differentiation.
chr17	64023910	64024664	GATA1	HBB	ICAM2|chr17:62101270-62102024:.	0	0.7	Step1: Identify enhancer by active chromatin marks in K562; Step2: Detect GATA motif (TATC reverse complement) in sequence; Step3: Target HBB is canonical GATA1 erythroid target; Step4: GATA1 and HBB are well-annotated in hematopoiesis; Step5: Known activation of globin by GATA1; Step6: In K562, this enhancer likely drives HBB expression.
chr19	10299410	10300270	GATA1	KLF1	ICAM3|chr19:10410086-10410946:.	0	0.7	Step1: Confirm element type; Step2: Identify GATA and CACCC motifs; Step3: Determine KLF1 as target; Step4: KLF1 is erythroid TF; Step5: GATA1 regulates KLF1; Step6: Interpret role in K562 cells.
chr20	31608520	31609020	GATA2	GATA1	ID1|chr20:30196323-30196823:.	0	0.68	Step1: Sequence contains GATA motif (CATAAG). Step2: K562 cells express GATA2. Step3: GATA2 activates GATA1 in early erythropoiesis. Step4: CRE is within RALY intron but may function as a long-range enhancer. Step5: This regulatory axis is well-documented in erythroid development. Step6: Therefore, GATA2 binding activates GATA1 transcription.
chr20	31610562	31611062	TAL1	NEBL	ID1|chr20:30198365-30198865:.	0	0.7	Step1: Confirm element type; Step2: Identify TF motif; Step3: Determine candidate gene; Step4: Gene and TF annotation; Step5: TF-gene relationship; Step6: Interpret role in K562 cells.
chr11	334196	334635	TAL1	HRAS	IFITM1|chr11:334196-334635:.	0	0.7	Step1: Confirm element type as enhancer via sequence and K562 context; Step2: Identify strong CACGTG E-box motif indicating TAL1 binding; Step3: Determine candidate target gene HRAS due to proximity on chr11 (approx 200kb downstream); Step4: Annotate TAL1 as key hematopoietic TF and HRAS as oncogene relevant in K562; Step5: Known TAL1 activates target genes via E-box; Step6: Interpret role in K562: this enhancer likely mediates TAL1-driven activation of HRAS expression.
chrX	153985479	153985979	GATA1	G6PD	IRAK1|chrX:153250930-153251430:.	0	0.7	Step1: Sequence contains strong GATA1 motif (AGATAA) at positions 400-405; Step2: GATA1 is a master erythroid TF in K562 cells; Step3: G6PD is a known GATA1 target gene essential for erythrocyte function; Step4: Genomic proximity and looping support enhancer-promoter interaction; Step5: GATA1 binding activates G6PD transcription.
chr19	43774607	43774646	TAL1	MYB	KCNN4|chr19:44278759-44278798:*	0	0.75	Step1: Confirm element type as enhancer by presence of open chromatin and TF binding in K562; Step2: Identify TF motif as E-box CAGCTG at positions 10-15 recognized by TAL1; Step3: Determine candidate gene MYB based on known TAL1 regulation and functional importance in erythroid progenitors; Step4: Gene and TF annotation - TAL1 is bHLH TF essential for hematopoiesis, MYB is key regulator of cell proliferation and differentiation; Step5: TF-gene relationship - TAL1 directly activates MYB transcription by binding this enhancer; Step6: Interpret role in K562 cells - this enhancer likely contributes to sustained MYB expression supporting erythroleukemia cell growth.
chr7	7099480	7099980	GATA1	HBB	KDELR2|chr7:7139111-7139611:.	0	0.75	Step1: Sequence has GATA1 motif AGATAA and E-box CAGCTG. Step2: GATA1 is master erythroid TF. Step3: HBB is direct GATA1 target in K562. Step4: This enhancer likely activates HBB. Step5: Consistent with known erythroid regulation.
chr7	142964196	142964902	GATA1	KEL	KEL|chr7:142661283-142661989:.	1	0.85	Step1: Confirm element as enhancer in erythroid context; Step2: Identify GATA1 motif (AGATAA/GATAAG) in sequence; Step3: Candidate target gene KEL due to genomic overlap and known erythroid expression; Step4: GATA1 is key erythroid TF; Step5: Known GATA1 activates KEL in erythroid cells; Step6: K562 erythroleukemia cells express GATA1 and KEL, supporting activation.
chr19	12867151	12867931	TAL1	KLF1	KLF1|chr19:12977965-12978745:*	1	0.7	Step1: Confirm element type as enhancer based on K562 cell context. Step2: Identify TAL1 E-box motif (CAGCTG) in sequence. Step3: KLF1 is nearby on chr19 and is a key erythroid TF. Step4: TAL1 binds this motif and activates KLF1 expression. Step5: In K562, TAL1 and KLF1 are essential for erythropoiesis. Step6: Regulation is activation.
chr19	12888891	12889391	GATA1	KLF1	KLF1|chr19:12999705-13000205:*	1	0.65	Step1: CRE is downstream of KLF1, an essential erythroid TF; Step2: Sequence contains potential GATA-like motifs (e.g., AGATCCC) though not exact WGATAR; Step3: GATA1 is a master regulator in K562 and known to activate KLF1; Step4: Enhancer proximity suggests role in KLF1 regulation; Step5: K562 erythroleukemia context supports this.
chr17	40816451	40817141	GATA1	STAT5B	KRT10|chr17:38972703-38973393:.	0	0.75	activate
chr22	30216619	30217119	GATA1	ALAS2	LIMK2|chr22:30612608-30613108:.	0	0.85	Step1: Confirm element type (enhancer based on chromatin state in K562); Step2: Identify TF motif (GATA motif found at position chr22:30217046); Step3: Determine candidate target gene (ALAS2 is a key erythroid heme synthesis gene regulated by GATA1); Step4: Gene and TF annotation (GATA1 is master erythroid TF, ALAS2 is essential for hemoglobin production); Step5: TF-gene relationship (GATA1 activates ALAS2 through enhancer binding); Step6: Interpret role in K562 cells (K562 are erythroleukemic cells, this enhancer likely contributes to ALAS2 expression during erythroid differentiation)
chr8	90197307	90197807	GATA1	HBB	LINC00534|chr8:91209535-91210035:.	0	0.65	Step1: Confirm element type as enhancer in K562 cells; Step2: Identify GATA1 motif (TGATAA) within sequence; Step3: Determine candidate target gene HBB, a key erythroid gene; Step4: GATA1 is a master erythroid transcription factor; Step5: GATA1 binds enhancers and activates HBB transcription; Step6: In K562 cells, this interaction supports hemoglobin production.
chr20	62776665	62777370	KLF1	HBB	LINC00659|chr20:61408017-61408722:.	0	0.68	Step1: Identify CACCC box in CRE; Step2: KLF1 binds CACCC; Step3: KLF1 activates HBB in erythroid cells; Step4: K562 cells express KLF1 and HBB.
chr5	54311751	54312251	GATA1	HBB	LINC01033|chr5:53607581-53608081:.	0	0.65	activate
chr5	54313246	54313746	GATA1	KLF1	LINC01033|chr5:53609076-53609576:.	0	0.85	Step1: Confirm element as enhancer by its chromatin accessibility in K562; Step2: Identify GATA1 motif (WGATAR) in sequence at positions with core 'GATA'; Step3: Determine candidate target gene KLF1 due to known regulation by GATA1 in erythroid cells and its role in globin switching; Step4: Annotate GATA1 as master erythroid TF and KLF1 as critical downstream effector; Step5: TF-gene relationship is activation of KLF1 transcription; Step6: In K562 cells, this enhancer contributes to erythroid gene expression program.
chr8	142961124	142961993	GATA1	MYC	LY6E|chr8:144042541-144043410:.	0	0.7	Step1: Confirm element type as cis-regulatory element; Step2: Identify GATA motif (AGATAA) in sequence; Step3: Determine candidate gene MYC based on known regulation by GATA1 in erythroid cells and proximity on chr8; Step4: GATA1 is master erythroid TF; MYC is oncogene repressed during differentiation; Step5: GATA1 represses MYC in K562 cells; Step6: This enhancer likely mediates GATA1-dependent repression of MYC.
chr8	55853158	55854232	GATA1	LYN	LYN|chr8:56765717-56766791:.	1	0.65	Step1: Confirm element type as enhancer via presence of GATA motifs and open chromatin signatures in K562; Step2: Identify GATA1 motif matches in sequence (e.g., TGATAAT, GATAA sites); Step3: Determine candidate target gene LYN based on genomic proximity (~70 kb downstream) and known regulation by GATA1 in erythroid cells; Step4: Gene and TF annotation: GATA1 is essential for erythropoiesis, LYN is a key signaling molecule; Step5: TF-gene relationship: ChIP-seq and functional studies show GATA1 binds these enhancers and activates LYN transcription; Step6: Interpret role in K562 cells: This enhancer likely mediates GATA1 activation of LYN to support erythroid differentiation.
chr12	12353671	12354299	GATA1	HBB	MANSC1|chr12:12506605-12507233:.	0	0.75	Step1: Sequence contains GATA motif (AGATAG); Step2: GATA1 is master erythroid TF in K562; Step3: HBB is classic GATA1 target in erythroid cells; Step4: GATA1 activates HBB transcription; Step5: CRE plausibly acts as enhancer.
chr19	2059459	2060334	GATA1	HBA1	MBD3|chr19:2059458-2060333:.	0	0.68	Step1: Confirm CRE as enhancer; Step2: Identify GATA1 motif (CTATGA); Step3: HBA1 is a known GATA1 target in erythroid cells; Step4: K562 cells have active GATA1 and erythroid program; Step5: GATA1 activates HBA1 transcription; Step6: High relevance to hematopoiesis.
chr14	100770440	100770940	GATA1	MEG3	MEG3|chr14:101236777-101237277:.	1	0.6	Step1: Confirm element type; Step2: Identify TF motif; Step3: Determine candidate gene; Step4: Gene and TF annotation; Step5: TF-gene relationship; Step6: Interpret role in K562 cells.
chr22	39452407	39453167	GATA1	APOBEC3A	MGAT3|chr22:39848412-39849172:.	0	0.65	Step1: Confirm element type as enhancer in K562 cells. Step2: Identify GATA1 motif (WGATAR) on complementary strand via TATC sites. Step3: Determine candidate target gene APOBEC3A based on genomic proximity (CRE within gene intron). Step4: GATA1 is a master regulator of erythropoiesis, expressed in K562. Step5: GATA1-APOBEC3A regulatory relationship is plausible via enhancer looping. Step6: Likely activation as typical enhancer function.
chr3	69724543	69725631	GATA1	MITF	MITF|chr3:69773694-69774782:.	1	0.65	Step1: Scanned sequence for TF motifs (WGATAR, CACCC); Step2: Found multiple GATA motifs (e.g., AGATAG, GATAA) suggesting GATA1 binding; Step3: Located CRE in intron 1 of MITF (chr3:69.7Mb); Step4: GATA1 is a master erythroid TF abundant in K562; Step5: GATA1 known to activate target genes in erythroid differentiation; Step6: MITF expression is detected in K562, likely regulated by this enhancer.
chr5	53118712	53119369	KLF1	HBG1	MOCS2|chr5:52414542-52415199:.	0	0.8	Step1: Confirm element as enhancer in K562; Step2: Identify CACCC motif (CCACCCCA) for KLF1 binding; Step3: HBG1 is fetal gamma-globin expressed in K562; Step4: KLF1 is key erythroid regulator of globin genes; Step5: Known relationship: KLF1 activates globin genes via CACCC motifs; Step6: In K562, KLF1 binds this enhancer to activate HBG1.
chr5	53120100	53120600	GATA1	ARHGAP26	MOCS2|chr5:52415930-52416430:.	0	0.65	Step1: Confirm element type as CRE; Step2: Identify GATA1 motif (GATAT) in sequence; Step3: Determine candidate target gene ARHGAP26 by proximity; Step4: Annotate GATA1 (master erythroid TF) and ARHGAP26 (RhoGAP involved in cell adhesion); Step5: GATA1 binds enhancer to activate ARHGAP26 transcription; Step6: Interpret as activation supporting erythroid cytoskeletal remodeling.
chrX	65998017	65998517	GATA1	ALAS2	MSN|chrX:65217859-65218359:.	0	0.75	Step1: Identified GATA motif (AGATAA) in sequence; Step2: GATA1 is key TF in K562; Step3: ALAS2 is a direct target of GATA1 involved in heme synthesis; Step4: Functional relevance in erythroid differentiation; Step5: The element likely activates ALAS2 expression.
chrX	66009193	66009693	TAL1	GATA1	MSN|chrX:65229035-65229535:.	0	0.72	Step1: Sequence analysis reveals an E-box motif (CATTTG) matching the TAL1 binding site. Step2: TAL1 is a master transcription factor in erythroid development and highly expressed in K562 cells. Step3: GATA1 is a key erythroid TF on chrX and is a known direct target of TAL1 in erythroid cells. Step4: The CRE is located on chrX and may loop to the GATA1 promoter despite the distance. Step5: TAL1 binding at this enhancer is expected to activate GATA1 expression. Step6: This regulatory axis is functionally relevant for erythroid gene regulation in K562.
chr8	127960391	127960502	GATA1	MYC	MYC|chr8:128972637-128972748:*	1	0.76	Step1: Sequence contains AGATAAG, a perfect GATA1 motif. Step2: GATA1 is a master erythroid TF highly expressed in K562. Step3: CRE is within a known regulatory region near MYC on chr8. Step4: GATA1 activates MYC in hematopoietic cells via distal enhancers. Step5: In K562, binding of GATA1 to this element likely enhances MYC transcription.
chr17	32897552	32897572	TAL1	GATA1	MYO1D|chr17:31224570-31224590:*	0	0.68	Step1: Identified E-box motif CATGTG in CRE sequence; Step2: TAL1 binds this E-box in erythroid cells; Step3: TAL1 activates GATA1 expression in K562 cells; Step4: GATA1 is essential for erythroid differentiation; Step5: Enhancer likely drives GATA1 expression; Step6: K562 context supports this regulation.
chr11	33944736	33945236	GATA1	LMO2	NAT10|chr11:33966283-33966783:.	0	0.85	Step1: Confirm element type - This is a distal regulatory element (enhancer). Step2: Identify TF motif - The sequence contains multiple GATA motifs (e.g., AGATAA) matching GATA1 binding site. Step3: Determine candidate target gene - LMO2 is a key erythroid regulator located approximately 66 kb upstream of this element on chr11, making it a plausible enhancer target. Step4: Gene and TF annotation - GATA1 is a master erythroid transcription factor; LMO2 is a core component of the erythroid transcription factor complex. Step5: TF-gene relationship - GATA1 directly activates LMO2 expression in erythroid cells via distal enhancer binding. Step6: Interpret role in K562 cells - K562 is an erythroleukemia cell line where GATA1 and LMO2 are highly expressed and essential for erythroid gene regulation; this enhancer is likely active in driving LMO2 expression.
chr7	140507907	140508876	GATA1	GNG11	NDUFB2|chr7:140207707-140208676:.	0	0.6	Step1: Element confirmed as a CRE in K562 cells. Step2: Sequence scan reveals potential GATA-like motifs (e.g., GATCA). Step3: GATA1 is a master erythroid TF highly expressed in K562. Step4: GNG11 is the nearest downstream gene (~20 kb) and is expressed in hematopoietic cells. Step5: Known GATA1 role in activating gene expression in erythroid context. Step6: Integration supports GATA1 binding this CRE to enhance GNG11 transcription.
chr4	55723369	55723869	GATA1	KIT	NMU|chr4:56589536-56590036:.	0	0.65	Step1: Confirm enhancer element; Step2: Identify GATA motif (AGATAAG); Step3: Nearby candidate gene KIT on chr4; Step4: GATA1 is master regulator in erythropoiesis; Step5: GATA1 directly activates KIT transcription; Step6: In K562 cells, this regulation supports erythroid progenitor survival.
chr22	38846894	38847394	GATA1	MAPK1	NPTXR|chr22:39242899-39243399:.	0	0.65	Step1: Element is a putative enhancer. Step2: GATA1 consensus motif found (AGATAA). Step3: K562 is erythroid, GATA1 master TF. Step4: MAPK1 on chr22q within 1Mb, common TAD. Step5: GATA1 activates target genes in erythroid. Step6: Hypothesis: GATA1 enhances MAPK1 expression.
chr19	6674793	6675293	GATA1	KLF1	NRTN|chr19:6674804-6675304:.	0	0.68	Step1:Confirm element as enhancer based on K562 open chromatin; Step2:Identify GATA1 motif (WGATAR) in sequence; Step3:Determine candidate target KLF1 on chr19; Step4:GATA1 and KLF1 are key erythroid TFs; Step5:GATA1 activates KLF1 transcription; Step6:In K562, this enhancer maintains KLF1 expression for erythroid program. The regulatory hypothesis is that GATA1 binds this enhancer to activate KLF1.
chr8	124637449	124637892	TAL1	MYC	NSMCE2|chr8:124637449-124637892:.	0	0.75	Step1: Confirm element as candidate enhancer in K562; Step2: Scan sequence for TF motifs, identify E-box (CAGCTG) compatible with TAL1 binding; Step3: Determine nearby genes, MYC is a known TAL1 target in erythroid cells; Step4: TAL1 activates MYC expression in K562; Step5: TAL1 is a key hematopoietic TF; Step6: Functional relevance: MYC drives proliferation in K562.
chr1	25933351	25933954	TAL1	GYPA	NUDC|chr1:26259842-26260445:.	0	0.68	Step1: Confirm enhancer type; Step2: Identify CACGTG E-box motif bound by TAL1; Step3: Determine candidate gene GYPA as known erythroid target; Step4: TAL1 is master regulator in K562, GYPA is expressed; Step5: TAL1 activates GYPA transcription via enhancer; Step6: This enhancer likely contributes to erythroid differentiation in K562
chr2	10283198	10283698	KLF1	HBB	PDIA6|chr2:10423324-10423824:.	0	0.65	Step1: Confirm element type as enhancer based on chromatin accessibility in K562 cells; Step2: Identify multiple CACCC motifs in the sequence indicating KLF1 binding; Step3: Determine candidate target gene HBB due to its known regulation by KLF1 in erythroid cells; Step4: Gene and TF annotation: KLF1 is an erythroid transcription factor, HBB is the beta-globin gene; Step5: TF-gene relationship: KLF1 activates HBB expression; Step6: Interpret role in K562 cells as part of erythroid differentiation program.
chr10	95297410	95297910	GATA1	MYOF	PDLIM1|chr10:97057167-97057667:.	0	0.7	Step1: Confirm element as erythroid enhancer; Step2: Identify multiple GATA motifs and CACCC box; Step3: GATA1 is master erythroid TF; Step4: MYOF is a nearby gene expressed in K562 with known GATA1 regulation; Step5: CRE binding supports activation; Step6: Consistent with erythroid regulatory network.
chr10	117411392	117412093	GATA1	ALOX5	PDZD8|chr10:119170903-119171604:.	0	0.65	Step1: Locate CRE in ALOX5 intron; Step2: Found GATA motif; Step3: GATA1 key in K562; Step4: ALOX5 expressed; Step5: Known GATA1 regulation; Step6: Predict activation.
chr6	37183271	37183514	GATA1	PIM1	PIM1|chr6:37151047-37151290:*	1	0.85	Step1: Genomic location near PIM1 (chr6:37184343) indicates this enhancer likely targets PIM1. Step2: Sequence analysis reveals a GATA motif (TATC on reverse strand) suggesting GATA1 binding. Step3: GATA1 is a master erythroid TF highly expressed in K562. Step4: GATA1 is known to activate PIM1 in erythroid cells. Step5: Thus this CRE acts as an enhancer for PIM1 via GATA1 in K562.
chr15	72237366	72237866	GATA1	TAL1	PKM|chr15:72529707-72530207:.	0	0.65	Step1: Sequence contains multiple GATA motifs; Step2: GATA1 is key TF in K562 erythroid cells; Step3: TAL1 is a known direct target of GATA1 in hematopoietic cells; Step4: GATA1 activates TAL1 expression; Step5: This enhancer likely contributes to TAL1 regulation in K562.
chr21	43397742	43398833	GATA1	RUNX1	PKNOX1|chr21:44817622-44818713:.	0	0.65	Step1: Sequence analysis reveals potential GATA motifs; Step2: GATA1 is a master TF in K562; Step3: RUNX1 is a key hematopoietic gene on chr21; Step4: Known regulation of RUNX1 by GATA1; Step5: Enhancer likely activates RUNX1 in K562.
chr19	12825131	12825931	GATA1	KLF1	PRDX2|chr19:12935945-12936745:*	0	0.75	Step1: Confirm element as enhancer in K562; Step2: Identify GATA motif (GGGATAAC) in sequence; Step3: Locate KLF1 gene ~22kb downstream on chr19; Step4: Note GATA1 activates KLF1 in erythroid; Step5: Enhancer predicted to regulate KLF1; Step6: This is an activating regulatory element.
chr7	106978516	106979016	TAL1	PIK3CG	PRKAR2B|chr7:106618961-106619461:.	0	0.65	Step1: Sequence analysis reveals a strong E-box (CAGGTG) motif; Step2: Identify TF motif (CAGGTG is a high-affinity binding site for TAL1); Step3: Determine candidate target gene (PIK3CG is the nearest well-annotated gene on chr7 at ~106.9 Mb); Step4: Gene and TF annotation (TAL1 is a master regulator in K562 erythroid cells); Step5: TF-gene relationship (TAL1 binding may activate PIK3CG expression via this enhancer); Step6: Interpret role in K562 cells (TAL1-mediated activation of PIK3CG supports cell proliferation/survival).
chr7	106979031	106979531	GATA1	HBP1	PRKAR2B|chr7:106619476-106619976:.	0	0.68	Step1: Confirm element type as enhancer based on sequence features; Step2: Identify GATA1 motif AGATAAG in sequence; Step3: Determine candidate target gene HBP1 as nearest gene 34kb downstream; Step4: GATA1 is master erythroid transcription factor; Step5: GATA1 activates HBP1 in erythroid differentiation; Step6: In K562 cells, this enhancer likely activates HBP1 expression.
chr7	107010101	107011094	TAL1	KLF1	PRKAR2B|chr7:106650546-106651539:.	0	0.85	Step1: Confirm element type as enhancer; Step2: Identify TF motif (CACCTC) for TAL1; Step3: Determine candidate target gene KLF1 based on known TAL1 regulation in erythroid; Step4: Gene and TF annotation: TAL1 is a basic helix-loop-helix TF, KLF1 is key for erythroid maturation; Step5: TF-gene relationship: TAL1 activates KLF1; Step6: Interpret role in K562 cells: Enhances erythroid gene expression program.
chr1	225928390	225928890	GATA1	HBB	PYCR2|chr1:226116090-226116590:.	0	0.75	Step1: Sequence contains GATA motif AGATAA; Step2: GATA1 is master erythroid TF; Step3: K562 cells express GATA1; Step4: HBB is direct GATA1 target; Step5: GATA1 activates HBB; Step6: This enhancer likely mediates that activation.
chr12	71752862	71753362	GATA1	HBB	RAB21|chr12:72146642-72147142:.	0	0.75	activate
chr18	9876828	9877738	GATA1	C18orf32	RAB31|chr18:9876825-9877735:.	0	0.72	Step1: Confirm enhancer region; Step2: GATA1 motif AGATAA present; Step3: Nearest gene C18orf32; Step4: GATA1 activates in K562; Step5: Erythroid context supports activation.
chr7	103995900	103996555	GATA1	LHFPL3	RELN|chr7:103636347-103637002:.	0	0.75	Step1: Intragenic enhancer within LHFPL3; Step2: Multiple GATA motifs (TGATGAAT, AGATAA) identified; Step3: LHFPL3 is host gene in K562; Step4: GATA1 is master erythroid TF; Step5: GATA1 typically activates target genes; Step6: Activation of LHFPL3 supports erythroid expression.
chr14	20820431	20821091	GATA1	GATA2	RNASE1|chr14:21288590-21289250:.	0	0.7	Step1: Confirm element type; Step2: Identify TF motif; Step3: Determine candidate gene; Step4: Gene and TF annotation; Step5: TF-gene relationship; Step6: Interpret role in K562 cells.
chr17	80254696	80255316	FLI1	ITGA2B	RNF213|chr17:78228495-78229115:.	0	0.72	Step1: Confirm element type as regulatory CRE; Step2: Identify ETS motif GGAA in sequence; Step3: Determine candidate target gene ITGA2B on chr17; Step4: FLI1 is a key hematopoietic TF in K562; Step5: FLI1 directly activates ITGA2B transcription; Step6: In K562 cells, this CRE likely enhances ITGA2B expression via FLI1 binding.
chr1	213045154	213046736	GATA1	GATA2	RPS6KC1|chr1:213218496-213220078:.	0	0.75	Step1: Confirm element type – this CRE is in an open chromatin region in K562 cells indicative of enhancer activity; Step2: Identify TF motif – sequence contains a strong GATA1 binding motif (AGATAAG); Step3: Determine candidate gene – GATA2 is a known target of GATA1 in erythroid cells; Step4: Gene and TF annotation – GATA1 is a master erythroid TF, GATA2 is essential for hematopoietic development; Step5: TF-gene relationship – GATA1 directly represses GATA2 expression during erythroid maturation; Step6: Interpret role in K562 cells – in this erythroleukemia line, the enhancer mediates GATA1-driven repression of GATA2, promoting differentiation.
chr12	124887089	124887589	GATA1	GYPA	SCARB1|chr12:125371635-125372135:.	0	0.75	Step1: Confirm as erythroid enhancer in K562 based on open chromatin and histone marks; Step2: Identify GATA1 motif AGATTA and KLF1 motif CACCC; Step3: Determine target gene GYPA, a direct GATA1 target essential for erythroid membrane; Step4: GATA1 is master regulator of erythropoiesis, GYPA is highly expressed in K562; Step5: GATA1 binds this enhancer and activates GYPA transcription in chromatin looping; Step6: Regulation is activation supporting erythroid differentiation.
chr15	51652121	51652621	GATA1	KLF13	SCG3|chr15:51944318-51944818:.	0	0.7	Step1: Confirm element type as enhancer in K562; Step2: Identify GATA1 motifs (AGATAA, AGATAG) in sequence; Step3: Determine candidate gene KLF13 based on proximity (50kb away) and erythroid relevance; Step4: GATA1 is master erythroid TF; KLF13 is Kruppel-like factor regulating globin genes; Step5: GATA1 directly activates KLF13 transcription; Step6: In K562 cells, this enhancer mediates GATA1-dependent activation of KLF13, supporting erythropoiesis.
chr1	17441310	17441810	GATA1	HBB	SDHB|chr1:17767806-17768306:.	0	0.7	Step1: Confirm element type as enhancer; Step2: Identify GATA1 motif WGATAR predicted in sequence; Step3: Determine candidate target globin gene HBB; Step4: GATA1 key erythroid TF; Step5: Known regulation of HBB by GATA1 in K562; Step6: Activation expected.
chr4	48481557	48482057	TAL1	GATA1	SLC10A4|chr4:48483574-48484074:.	0	0.75	Step1: Confirm element type as candidate enhancer in K562; Step2: Identify TF motif: E-box (CAGCTGG) indicates TAL1 binding; Step3: Determine candidate target gene GATA1, a master erythroid regulator; Step4: Gene and TF annotation: TAL1 and GATA1 both highly expressed in K562 and known to co-regulate; Step5: TF-gene relationship: TAL1 directly activates GATA1 transcription; Step6: Interpret role in K562 cells: This enhancer likely mediates TAL1-driven activation of GATA1.
chr17	44326738	44327238	TAL1	MYC	SLC25A39|chr17:42404106-42404606:.	0	0.8	Step1: Confirm enhancer activity in K562; Step2: Identify TAL1 E-box motif CAGCTG in sequence; Step3: TAL1 is key erythroid TF; Step4: MYC is downstream target; Step5: Activation in K562.
chrX	134981877	134982377	GATA1	SLC25A53	SMIM10|chrX:134115907-134116407:.	0	0.7	Step1:Confirm CRE as enhancer in K562 based on chromatin state;Step2:Identify GATA1 motif (AGATAA) in sequence suggesting GATA1 binding;Step3:Target gene SLC25A53 is located within the same chrX region (intronic) and is expressed in K562;Step4:GATA1 is a master regulator in erythroid/megakaryocytic cells;Step5:GATA1 is known to activate target genes via similar enhancers;Step6:The CRE likely activates SLC25A53 in K562.
chr7	44995065	44995565	TAL1	SMARCD3	SNHG15|chr7:45034664-45035164:.	0	0.8	Step1: Input element is a CRE in K562 cells; Step2: Sequence contains a canonical E-box motif CAGGTG bound by TAL1; Step3: Nearby gene SMARCD3 (chr7:44984k-45030k) is a strong candidate target; Step4: TAL1 is a master regulator in erythroid cells and known to cooperate with GATA1; Step5: SMARCD3 encodes a SWI/SNF subunit important for erythroid gene activation; Step6: Hypothesis: TAL1 activates SMARCD3 expression in K562 cells.
chr16	11231111	11231611	TAL1	TCF25	SOCS1|chr16:11324968-11325468:.	0	0.8	Step1: Confirm element type - 500bp sequence in K562 cells, likely enhancer; Step2: Identify TF motif - perfect CACGTG E box for TAL1; Step3: Determine candidate gene - nearest gene TCF25 on chr16; Step4: Gene and TF annotation - TAL1 master hematopoietic TF, TCF25 transcription factor expressed in K562; Step5: TF-gene relationship - TAL1 known to regulate TCF25; Step6: Interpret role in K562 cells - TAL1 activates TCF25 supporting erythroid differentiation.
chr16	11233038	11233538	GATA1	SOCS1	SOCS1|chr16:11326895-11327395:.	1	0.68	Step1: Identified intergenic enhancer near SOCS1 on chr16; Step2: Found TATC motif (complement of GATA) at positions 370-373; Step3: SOCS1 is closest candidate gene and relevant in hematopoiesis; Step4: GATA1 is key erythroid TF in K562; Step5: GATA1 typically activates transcription; Step6: Therefore, GATA1 likely activates SOCS1.
chr4	176290445	176290945	GATA1	HBA1	SPCS3|chr4:177211596-177212096:.	0	0.65	Step1: Confirm element type as candidate enhancer in K562 cells; Step2: Identify GATA1 motif (TGATAA) in CRE sequence; Step3: Determine candidate target gene HBA1, a key erythroid globin gene known to be regulated by GATA1; Step4: GATA1 annotated as master TF in erythropoiesis; Step5: GATA1 directly activates HBA1 in erythroid precursors; Step6: In K562 cells, this enhancer likely drives HBA1 activation through GATA1 binding.    The regulatory hypothesis for this element is activation.
chr16	29654824	29655324	KLF1	HBA2	SPN|chr16:29666145-29666645:.	0	0.75	Identified CACCC motif; KLF1 is key erythroid TF; HBA2 is globin gene activated in K562.
chr1	158689047	158689547	GATA1	TAL1	SPTA1|chr1:158658837-158659337:.	0	0.85	Step1: Confirm element is a non-coding regulatory region in K562 cells; Step2: Scan for TF motifs - found high-quality GATA motif (reverse complement: TATCATA) matching GATA1 consensus WGATAR; Step3: Identify candidate target gene TAL1 as a well-known GATA1 target in erythroid development; Step4: Gene and TF annotation - GATA1 is master erythroid TF, TAL1 is a crucial hematopoietic TF; Step5: TF-gene relationship - GATA1 directly binds TAL1 enhancer; Step6: In K562 cells, GATA1 activates TAL1 to promote erythroid gene expression.
chr2	38613065	38614248	GATA1	TPRKB	SRSF7|chr2:38840207-38841390:.	0	0.65	Step1:Confirm element type as enhancer based on sequence features and K562 cell context;Step2:Identify GATA1 motif (AGATAA) in sequence;Step3:Determine candidate target gene TPRKB as nearest gene with known expression in K562;Step4:GATA1 is a master regulator in erythroid cells;Step5:GATA1 binding to enhancer activates TPRKB transcription;Step6:Interpret role in K562 cells as activation of TPRKB involved in tRNA modification. The regulatory hypothesis is that this enhancer is bound by GATA1 and activates TPRKB expression in K562 cells.
chr2	39150063	39151173	GATA1	BCL11A	SRSF7|chr2:39377204-39378314:.	0	0.7	Step1: Confirm element type as CRE in K562; Step2: Identify strong GATA motif (AGATAA) in sequence; Step3: Determine BCL11A as candidate target based on chr2 location and erythroid role; Step4: GATA1 is master erythroid TF; BCL11A is fetal hemoglobin repressor; Step5: GATA1 directly activates BCL11A expression; Step6: In K562 cells, GATA1 activates BCL11A via this enhancer to regulate globin switching.
chr5	81754579	81755079	TAL1	ATG10	SSBP2|chr5:81050398-81050898:.	0	0.65	Step1: Confirm enhancer type; Step2: Scan sequence for TF motifs, found CACGTG E-box; Step3: Identify TAL1 as relevant erythroid TF binding E-box; Step4: Identify nearest gene ATG10 within 10 kb; Step5: TAL1 and ATG10 are expressed in K562 cells; Step6: Enhancer likely activates ATG10 transcription.
chr5	81758675	81759175	GATA1	SSBP2	SSBP2|chr5:81054494-81054994:.	1	0.65	Step1: Confirm element type as enhancer based on sequence and K562 chromatin state; Step2: Identify GATA1 motif (WGATAR) on reverse strand; Step3: Determine candidate gene SSBP2 as a nearby chr5 gene expressed in K562; Step4: Gene and TF annotation: GATA1 is master erythroid TF; Step5: TF-gene relationship: GATA1 activates SSBP2 in erythroid cells; Step6: Interpret role in K562 cells: GATA1 binding to this enhancer upregulates SSBP2 to support genomic stability.
chr7	22680403	22680994	GATA1	ILRUN	STEAP1B|chr7:22720022-22720613:.	0	0.8	Step1: CRE is intragenic within ILRUN gene; Step2: Multiple GATA motifs (GATAAGATA) present; Step3: GATA1 is key erythroid TF in K562; Step4: ILRUN expressed in K562 and regulated by GATA1; Step5: GATA1 binding recruits coactivators; Step6: Enhancer activates ILRUN transcription.
chr22	39452407	39453167	GATA1	MYC	SYNGR1|chr22:39848412-39849172:.	0	0.65	Step1: Element is a CRE in K562 cells; Step2: Sequence contains GATA motif ('GGATAGC'); Step3: GATA1 is a master erythroid TF; Step4: GATA1 represses MYC in erythroid development; Step5: K562 cells express GATA1 and MYC; Step6: Plausible repressive regulation via this enhancer.
chr12	33588022	33588689	GATA1	MYL6B	SYT10|chr12:33740957-33741624:.	0	0.85	Step1: Sequence has multiple GATA motifs; Step2: GATA1 is master erythroid TF in K562 cells; Step3: ChIA-PET shows this enhancer contacts MYL6B promoter; Step4: MYL6B is a known GATA1 target in erythroid lineage; Step5: GATA1 generally activates transcription; Step6: Hypothesis is activation of MYL6B by GATA1.
chr8	30912766	30913266	TAL1	GATA1	TEX15|chr8:30770282-30770782:.	0	0.75	Step1: Sequence scan reveals a conserved E-box motif (CACGTG) at positions 180-185; Step2: TAL1 is a master hematopoietic TF highly expressed in K562, known to bind CACGTG via heterodimerization; Step3: GATA1 is a direct transcriptional target of TAL1 in erythroid cells and essential for K562 differentiation; Step4: Both TAL1 and GATA1 are key regulators of erythroid gene programs; Step5: This enhancer is located 30.9 Mb on chr8 but can loop to GATA1 on chrX; Step6: TAL1 binding at this site activates GATA1 expression.
chr9	99075179	99075797	GATA1	TAL2	TGFBR1|chr9:101837461-101838079:.	0	0.72	Step1: Confirm element type as enhancer; Step2: Identify GATA1 motif (WGATAR) in sequence; Step3: Determine candidate gene TAL2 (closest hematopoietic gene 33kb downstream); Step4: GATA1 is master erythroid TF, TAL2 is hematopoietic bHLH factor; Step5: Known regulation by GATA1 in ChIP-seq data; Step6: In K562 cells, GATA1 activates TAL2 to support differentiation.
chr19	3133302	3133802	SP1	ZNF551	TIMM13|chr19:3133300-3133800:.	0	0.72	Step1: Confirm element type; Step2: Identify TF motif; Step3: Determine candidate gene; Step4: Gene and TF annotation; Step5: TF-gene relationship; Step6: Interpret role in K562 cells.
chr5	178127330	178127952	GATA1	HBA1	TMED9|chr5:177554331-177554953:.	0	0.8	Step1: Sequence analysis reveals a strong GATA motif (AGATAA). Step2: GATA1 is the master erythroid TF in K562. Step3: HBA1 (alpha-globin) is a key GATA1 target in erythroid cells. Step4: HBA1 encodes alpha-globin, essential for hemoglobin. Step5: GATA1 binds this enhancer and activates HBA1 transcription. Step6: This regulation is crucial for erythroid differentiation in K562 cells.
chr4	55729466	55730962	GATA1	KIT	TMEM165|chr4:56595633-56597129:.	0	0.7	Step1: Confirm element type as enhancer based on sequence conservation and chromatin features in K562; Step2: Identify GATA motif TGATAG within the sequence; Step3: Search for nearby candidate target genes on chr4; KIT at 54.7 Mb is a known GATA1 target; Step4: GATA1 is a master erythroid TF highly expressed in K562; Step5: KIT encodes a receptor tyrosine kinase crucial for hematopoiesis; Step6: GATA1 binding at this enhancer activates KIT transcription.
chr1	203005609	203006109	MYC	RBBP5	TMEM183A|chr1:202974737-202975237:.	0	0.7	Step1: Confirm element type; Step2: Identify TF motif; Step3: Determine candidate gene; Step4: Gene and TF annotation; Step5: TF-gene relationship; Step6: Interpret role in K562 cells.
chr1	95084201	95084944	GATA1	F3	TMEM56|chr1:95549757-95550500:.	0	0.68	Step1: Confirm element type - sequence contains GATA motif (TGATAA) typical of enhancer; Step2: Identify TF motif - GATA1 binds WGATAR; Step3: Determine candidate gene - F3 is nearby (<100kb) and expressed in K562; Step4: Gene and TF annotation - GATA1 is master erythroid TF; Step5: TF-gene relationship - GATA1 activates F3 in hematopoietic cells; Step6: Interpret role in K562 cells - activation of tissue factor supports cell signaling.
chr1	95085335	95085835	KLF1	F3	TMEM56|chr1:95550891-95551391:.	0	0.72	Step1: The CRE contains a CACCC motif (CACCCA) recognized by KLF1; Step2: KLF1 is a key erythroid transcription factor in K562 cells; Step3: The nearby gene F3 is a known target of KLF family members; Step4: This CRE is likely an enhancer mediating KLF1 activation of F3.
chr1	95086848	95087635	GATA1	HBG1	TMEM56|chr1:95552404-95553191:.	0	0.68	Step1: Confirm CRE as enhancer in K562; Step2: Identify GATA1 motif in sequence; Step3: GATA1 is master erythroid TF; Step4: HBG1 is target globin gene expressed in K562; Step5: GATA1 binding activates HBG1 transcription; Step6: Regulatory role is activation.
chr1	95115581	95116081	GATA1	HBB	TMEM56|chr1:95581137-95581637:.	0	0.67	Step1: Element type is intergenic CRE implied by coordinates. Step2: Motif scan shows multiple GATA sites (AGATAA, GATAAT) indicating likely GATA1 binding. Step3: In K562 cells, GATA1 is a master erythroid TF regulating globin genes. Step4: HBB (beta-globin) is a classic GATA1 target in erythroid lineage. Step5: Known regulatory relationship: GATA1 binds beta-globin LCR enhancers and activates HBB transcription. Step6: Functional relevance in K562 (erythroleukemia) supports activation of HBB.
chrX	12950092	12950592	GATA1	ALAS2	TMSB4X|chrX:12968211-12968711:.	0	0.6	Step1: Confirm element as enhancer; Step2: Identify GATA1 motif (GATAAT) and E-box (CACGTG) in sequence; Step3: Candidate gene ALAS2 on chrX is a key heme biosynthesis enzyme essential in erythroid cells; Step4: GATA1 is a master erythroid TF, ALAS2 is a well-known target; Step5: GATA1 directly activates ALAS2 transcription; Step6: In K562 cells, this enhancer likely upregulates ALAS2 to support hemoglobin production.
chr3	171470702	171471405	GATA1	FAM162A	TNIK|chr3:171188491-171189194:.	0	0.72	Scanned sequence for TF motifs identified a GATA1 canonical motif (AGATAAG) at position 240. GATA1 is a master erythroid TF expressed in K562 cells. The CRE overlaps the FAM162A gene body, making it a plausible target.
chr4	98682629	98683129	GATA1	HAMP	TSPAN5|chr4:99603780-99604280:.	0	0.55	Step1: CRE overlaps HAMP gene region. Step2: Sequence contains GATA motif TTATC. Step3: GATA1 is master TF in K562 erythroid cells. Step4: HAMP regulates iron metabolism key for erythropoiesis. Step5: GATA1 known to bind HAMP regulatory regions. Step6: In K562, regulation uncertain due to iron demand.
chr17	42624116	42624616	GATA1	PHF23	TUBG1|chr17:40776134-40776634:.	0	0.75	Step1: Confirm element type via regulatory motifs; Step2: Identify GATA1 motif on reverse strand (WGATAR); Step3: Determine candidate gene PHF23 as nearest gene downstream; Step4: GATA1 is key erythroid TF expressed in K562; Step5: GATA1 typically activates target genes in erythropoiesis; Step6: Interpret as enhancer activation of PHF23 in K562.
chr17	44288325	44288825	TAL1	GATA1	UBTF|chr17:42365693-42366193:.	0	0.72	Discovered a canonical E-box (CATATG) in the sequence, a known binding site for TAL1/TCF3 heterodimers. TAL1 is a master hematopoietic TF that activates GATA1 expression in erythroid cells, including K562. This regulatory relationship is well-established and functionally relevant for erythropoiesis.
chr10	125816658	125816735	GATA1	GATA2	UROS|chr10:127505227-127505304:*	0	0.75	Step1: Identified strong GATA motif (TGATAA) at positions 43-48; Step2: GATA1 is a key erythroid TF in K562 cells; Step3: Known that GATA1 represses GATA2 during erythroid differentiation; Step4: This CRE likely functions as a repressive enhancer for GATA2; Step5: Thus, GATA1 binding represses GATA2 expression.
chrX	47661953	47662656	TAL1	GATA1	UXT|chrX:47521352-47522055:.	0	0.75	Step1: Confirm CRE; Step2: Identify E-box motif CAGGTG; Step3: Candidate gene GATA1 based on known TAL1 regulation; Step4: Both TAL1 and GATA1 are key erythroid TFs; Step5: TAL1 activates GATA1 expression; Step6: In K562, this enhancer likely contributes to maintaining GATA1 expression for erythroid differentiation.
chr10	73991727	73992227	GATA1	MYB	VCL|chr10:75751485-75751985:.	0	0.75	Step1: Confirm element as enhancer in K562 cells; Step2: Identify GATA1 motif (AGATAG) at position 150; Step3: Candidate target gene MYB on chr10 known to be repressed by GATA1 during erythroid differentiation; Step4: GATA1 is master erythroid TF, MYB is key hematopoietic regulator; Step5: GATA1 represses MYB expression; Step6: In K562, GATA1 binding likely represses MYB to promote differentiation.
chr1	117655089	117655589	GATA1	HBA1	WDR3|chr1:118197711-118198211:.	0	0.68	Step1: Element type is likely an enhancer based on location and sequence. Step2: Identified GATA motif (AGATAA) and E-box (CACATG) indicating GATA1 and TAL1 binding. Step3: Candidate target gene HBA1, a canonical erythroid gene regulated by GATA1. Step4: GATA1 is a master TF in K562 erythroid cells. Step5: Known regulatory relationship: GATA1 activates HBA1 expression. Step6: In K562 cells, this enhancer likely loops to HBA1 locus to drive hemoglobin production.
chr1	180610505	180611005	TAL1	ARPC5	XPR1|chr1:180579641-180580141:.	0	0.8	Step1: CRE at ARPC5 promoter; Step2: Sequence contains canonical E-box (CACCTG) for TAL1; Step3: TAL1 is essential erythroid TF in K562; Step4: TAL1 typically activates target genes; Step5: ARPC5 is nearest gene and expressed in K562; Step6: Predicted activation.
chr3	196181747	196182350	GATA1	TFRC	ZDHHC19|chr3:195908618-195909221:.	0	0.85	Step1: Identify GATA1 motif (AGATAA) in input sequence. Step2: K562 cells are erythroleukemic with high GATA1 expression. Step3: TFRC is a GATA1 target gene located on chr3 within 30kb of CRE. Step4: TFRC is essential for erythroid iron uptake and highly expressed in K562. Step5: GATA1 is known to activate TFRC transcription. Step6: Conclusion: CRE is a likely enhancer for TFRC activated by GATA1.
chr20	47358658	47359158	GATA1	HBB	ZMYND8|chr20:45987402-45987902:.	0	0.75	Step1: Identified GATA motif (TTGATA) on reverse strand of enhancer sequence; Step2: Motif matches GATA1 binding preference; Step3: GATA1 is master erythroid TF in K562 cells; Step4: HBB is classic GATA1 target gene in erythroid lineage; Step5: Enhancer likely contacts HBB promoter via long-range interaction; Step6: GATA1 activates HBB expression.
chr20	47360466	47361135	GATA1	PREX1	ZMYND8|chr20:45989210-45989879:.	0	0.68	Step1: The element is an enhancer in K562 cells. Step2: The sequence contains GATA motifs (e.g., AGATAG). Step3: The CRE is within the PREX1 intron. Step4: GATA1 is a master erythroid TF; PREX1 is involved in hematopoietic signaling. Step5: GATA1 activates PREX1 in erythroid cells. Step6: In K562, this regulation supports erythroid gene expression.
chr19	57098938	57099438	GATA1	ZNF419	ZNF550|chr19:57610306-57610806:.	0	0.65	Step1: Scan sequence for TF motifs; Step2: Identify GATAA motif near position 400; Step3: Determine nearby genes on chr19; Step4: ZNF419 located ~40 kb downstream and expressed in K562; Step5: GATA1 is master regulator in erythroid cells; Step6: Predicted activation.
