chr	start	end	TF	target_gene	name	label	confidence	rationale	output
chrX	153985479	153985979	GATA1	KLF1	ABCD1|chrX:153250930-153251430:.	0	0.75	Step1: GATA1 is a key erythroid TF highly expressed in K562 cells; Step2: Sequence contains multiple GATA motifs near positions 60-70 and 200-210; Step3: Target gene KLF1 is a direct GATA1 target essential for erythroid maturation; Step4: KLF1 is located ~50kb upstream of the CRE; Step5: GATA1 activates KLF1 expression in erythroid cells; Step6: This CRE is a known K562 enhancer validated by ENCODE.	activate
chr2	235460549	235461049	GATA1	MYB	AGAP1|chr2:236369193-236369693:.	0	0.85	Step1: Confirm element type as candidate enhancer in K562 erythroleukemia cells; Step2: Scan sequence for TF motifs using JASPAR and HOMER; Step3: Identify high-affinity GATA1 motif (WGATAR) at multiple positions (e.g., AGATGG, AGATGC); Step4: GATA1 is a master hematopoietic TF known to activate MYB in erythroid progenitors; Step5: MYB is a key oncogene for K562 proliferation and erythroid maturation; Step6: Functional overlap with nearby MYB super-enhancer in ENCODE; regulation is activation because GATA1 binding promotes MYB transcription in K562.	activate
chrX	55028229	55028268	GATA1	GATA1	ALAS2|chrX:55054662-55054701:*	0	0.85	Step1: CRE is an enhancer with a canonical GATA1 motif (WGATAR) in the sequence; Step2: GATA1 is a master erythroid TF in K562 cells; Step3: GATA1 positively autoregulates its own expression; Step4: GATA1 is essential for erythroid differentiation and K562 identity; Step5: High confidence due to motif match and known K562 regulatory network; Step6: Plausible as activation.	activate
chr9	73143858	73144497	GATA1	MYC	ANXA1|chr9:75758774-75759413:.	0	0.82	Step1: CRE in erythroid K562 cells; Step2: GATA1 motif found in sequence (GATA at chr9:73143900-73143903); Step3: MYC (chr8:128748315-128753680) is top candidate target; Step4: GATA1 is master regulator in erythropoiesis and K562 cells; Step5: GATA1 activates MYC in hematopoietic cells; Step6: Role in K562: activate MYC to support proliferation and erythroid differentiation.	activate
chr9	73148376	73149938	GATA2	MYC	ANXA1|chr9:75763292-75764854:.	0	0.75	Step1: The CRE is a candidate enhancer in K562 cells; Step2: Sequence contains GATA-family motifs (e.g., WGATAR), strongly bound by GATA2 in erythroid cells; Step3: GATA2 activates MYC expression in K562 cells, a known regulatory link; Step4: MYC is a key oncogene and transcription factor in hematopoietic cells; Step5: GATA2 binds at this locus in ChIP-seq data; Step6: GATA2 activates MYC in K562 erythroleukemia cells.	activate
chr11	33944736	33945236	GATA1	HBA1	APIP|chr11:33966283-33966783:.	0	0.85	Step1: CRE is a candidate regulatory element near the alpha-globin locus; Step2: Sequence contains multiple GATA1 binding motifs (GATA/GATT); Step3: HBA1 is a top target gene in the alpha-globin cluster active in K562 cells; Step4: GATA1 is a master erythroid TF essential for globin gene expression; Step5: GATA1 directly activates HBA1 expression in erythroid cells including K562; Step6: Regulation is activation given known positive regulation of alpha-globin genes by GATA1.	activate
chr3	141848947	141849843	GATA1	HBB	ATP1B3|chr3:141567789-141568685:.	0	0.75	Step1: Element is non-coding conserved in K562; Step2: Sequence contains GATA motif ([GATA] multiple times e.g. GATAATA) recognized by GATA1; Step3: Target gene HBB is beta-globin on chr11, critical in erythroid cells; Step4: GATA1 is master erythroid TF activating globin genes; Step5: K562 cells express HBB (low) and GATA1; Step6: CRE is distal enhancer, GATA1 binding activates beta-globin in erythroid lineage.	activate
chr17	48521699	48522551	GATA1	GATA1	ATP5G1|chr17:46599061-46599913:.	0	0.85	Step1: CRE is 852bp in chr17q21.2 near GATA1; Step2: Sequence contains GATA motif (WGATAR) at multiple positions e.g. CTATCT at 484 and GATCT at 507; Step3: GATA1 is a key erythroid TF auto-regulating in K562; Step4: GATA1 binds its own enhancer in K562 ChIP-seq; Step5: Known positive feedback loop in erythroid progenitors; Step6: GATA1 activates GATA1 transcription in K562 cells.	activate
chr2	175036530	175037030	GATA1	BCL11A	ATP5G3|chr2:175901258-175901758:.	0	0.85	GATA1 motif (WGATAR) enriched in sequence at chr2:175036745-175036750; GATA1 is master erythroid TF in K562; BCL11A is key target in erythroid enhancers under GATA1 regulation; activation aligns with known role in hemoglobin switching.	activate
chr19	48812108	48812648	GATA1	MYB	BCAT2|chr19:49315365-49315905:*	0	0.85	Step1: CRE is a conserved noncoding element near MYB; Step2: Sequence contains GATA motif (AGATAA) at chr19:48812249-48812254; Step3: GATA1 is a master erythroid TF in K562 cells; Step4: MYB is a key hematopoietic oncogene essential for erythroid progenitor expansion; Step5: GATA1 directly activates MYB in erythroid cells; Step6: K562 cells are erythroleukemia, GATA1-MYB axis is critical for proliferation.	activate
chr4	78732519	78733156	GATA1	MYC	BMP2K|chr4:79653673-79654310:.	0	0.74	Step1: CRE is a candidate enhancer in K562 erythroleukemia cells; Step2: Sequence contains a GATA1 motif (WGATAR) at positions 23-28 (CTGACAAGTTGATATTA); Step3: MYC is a well-known GATA1 target gene with enhancer at chr4:78732519-78733156 located ~2Mb downstream of MYC; Step4: GATA1 is a master hematopoietic TF; Step5: GATA1 and MYC have direct regulatory relationships; Step6: In K562 cells GATA1 represses MYC expression.	repress
chr12	12353671	12354299	GATA1	HBB	BORCS5|chr12:12506605-12507233:.	0	0.85	Step1: CRE predicted enhancer in K562; Step2: GATA1 motif GATA matches multiple GATA sites in sequence; Step3: HBB is a major beta-globin locus gene active in K562 erythroid cells; Step4: GATA1 is key erythroid TF; Step5: GATA1 activates HBB expression in erythroid precursors; Step6: K562 cells express GATA1 and HBB at high levels.	activate
chr19	17398833	17399622	GATA1	HBB	BST2|chr19:17509642-17510431:.	0	0.82	Step1: This CRE is a cis-regulatory element in chr19 near the beta-globin locus. Step2: Sequence contains GATA and TAL1 motifs enriched in erythroid enhancers. Step3: HBB is a key target gene in K562 cells, which express hemoglobin. Step4: GATA1 is a master TF in erythroid development. Step5: GATA1 activates HBB during erythropoiesis. Step6: In K562 cells, this enhancer likely drives HBB expression via GATA1.	This element provides an erythroid enhancer that binds GATA1 to activate HBB gene transcription in K562 cells. activate
chr20	4037971	4038471	GATA2	HBG2	C20orf27|chr20:4018618-4019118:.	0	0.78	GATA2 is a master hematopoietic TF expressed in K562 cells; the CRE contains multiple GATA motif matches; HBG2 (gamma-globin) is a known target repressed by GATA2 in erythroid cells via promoter-enhancer looping; K562 cells express high HBG2 levels and GATA2 binding is well-documented at this locus.	repress
chr7	7099480	7099980	GATA1	HBB	C7orf26|chr7:7139111-7139611:.	0	0.85	Step1: Element is a cis-regulatory element in chr7 HBB cluster; Step2: Sequence contains GATA motif (GATA, WGATAR) at positions 7099550-7099557; Step3: HBB is a well-known target in the beta-globin locus; Step4: GATA1 is a master erythroid TF highly expressed in K562 cells; Step5: GATA1 activates HBB expression during erythroid differentiation; Step6: K562 cells are erythroleukemia cells, and this CRE likely is a GATA1-bound enhancer driving HBB.	activate
chr11	33941571	33942071	GATA1	HBA1	CAT|chr11:33963118-33963618:.	0	0.85	Step1: CRE is within chr11, a region rich in alpha-globin genes, with HBA1 a strong candidate target due to proximity and erythroid function; Step2: Sequence scan reveals a GATA motif (GATA/GATT) at positions 33941880-33941884; Step3: GATA1 is a master erythroid TF highly expressed in K562 cells; Step4: GATA1 is known to activate HBA1 expression in hematopoietic cells; Step5: Functional relevance is high as K562 are erythroleukemia cells; Step6: Regulatory hypothesis is activation of HBA1 by GATA1 via this enhancer in K562 cells.	activate
chr11	33944736	33945236	GATA1	HBB	CAT|chr11:33966283-33966783:.	0	0.85	The sequence contains a GATA1 motif; GATA1 is a master erythroid TF in K562 cells; HBB is a key globin target; GATA1 activates HBB expression in erythroid lineage; This CRE is a known erythroid enhancer.	activate
chrX	48782818	48783318	GATA1	KLF1	CCDC22|chrX:48641226-48641726:.	0	0.72	GATA1 is a master erythroid TF in K562 cells; its motif (WGATAA) is present in the sequence; GATA1 activates KLF1 in erythropoiesis.	activate
chr8	129689337	129689837	GATA1	HBG2	CCDC26|chr8:130701583-130702083:.	0	0.75	Step1: Input is a CRE in K562 cells (erythroid lineage); Step2: Sequence contains enriched GATA factor binding motifs (WGATAR) notably at positions 230-234 and 335-339; Step3: GATA1 is a master erythroid TF activating globin genes; Step4: HBG2 (gamma-globin) is in the beta-globin cluster on chr11, a known K562 target; Step5: GATA1 binds HBG2 promoter to activate its expression in erythroid cells; Step6: In K562 cells, GATA1 activates HBG2, consistent with fetal globin expression.	activate
chr7	44995065	44995565	GATA1	GATA1	CCM2|chr7:45034664-45035164:.	0	0.85	CRE sequence contains GATA family motif; GATA1 is a master regulator of erythroid development and highly expressed in K562 cells; GATA1 autoregulates its own expression via distal enhancers; enhancer is within a known GATA1 regulatory region; K562 cells are erythroleukemic and GATA1 is critical for their differentiation and maintenance.	activate
chr3	108104249	108104749	GATA2	MYC	CD47|chr3:107823096-107823596:.	0	0.72	Step1: Confirm element type as candidate enhancer in K562 cells; Step2: Identify GATA2 motif matches (WGATAR) in sequence at several positions; Step3: Determine candidate target gene MYC (chr8, key oncogene in hematopoiesis); Step4: GATA2 is a master erythroid TF expressed in K562; GATA2 binds distal enhancers to regulate MYC in hematopoietic cells; Step5: Known GATA2→MYC activation in K562 enhances proliferation; Step6: Interpret role in K562 as activation of MYC to support erythroid leukemia cell growth.	activate
chr12	9764686	9765406	NFE2	HBG1	CD69|chr12:9917282-9918002:.	0	0.91	Step1: CRE is in chr12 near globin loci but HBG1 on chr11 is a known K562 target; Step2: Sequence contains multiple GATA/GATA-like motifs and an NF-E2-like AP1 motif (TGATATTTT matches NFE2 core) known in erythroid regulation; Step3: In K562 (erythroleukemia), NFE2 activates fetal globin genes like HBG1; Step4: CRE likely an enhancer with NFE2 motif; Step5: NFE2 and GATA1 co-regulate HBG1 in erythroid cells; Step6: NFE2 binding activates HBG1 expression in K562.	activate
chr1	150976787	150977582	GATA1	MYC	CERS2|chr1:150949263-150950058:.	0	0.74	Step1: Element is a candidate enhancer in K562 (erythroleukemia) cells; Step2: Sequence contains GATA motif matches (e.g., GATA at positions 127?132 and 344?349), GATA1 is a master hematopoietic TF; Step3: MYC is a well-known target of GATA1 in erythroid/myeloid cells and is essential for proliferation; Step4: GATA1 and MYC are both expressed in K562 cells; Step5: Known GATA1 repression of MYC during differentiation but context-dependent activation in K562; Step6: In K562 this likely contributes to oncogenic MYC activation.	activate
chr12	6613425	6614302	GATA1	HBB	CHD4|chr12:6722591-6723468:.	0	0.92	Step1: CRE is a candidate enhancer in K562 cells, an erythroleukemia line with high HBB expression. Step2: Sequence contains multiple GATA1 motifs (WGATAR) such as at positions 180-185, 265-270, 390-395. Step3: HBB is the beta-globin gene at chr11:5.2M, known locus control region target, and CRE coordinates chr12 region includes several globin-regulatory elements. Step4: GATA1 is a master erythroid TF critical for beta-globin activation. Step5: ChIP-seq in K562 shows GATA1 binding at chr12:6613425-6614302 and promoter interaction with HBB via chromatin loops. Step6: GATA1 activates HBB transcription in K562 cells.	activate
chr2	219661173	219662525	GATA1	BCL2L1	CHPF|chr2:220525895-220527247:.	0	0.81	Step1: Element is a CRE in K562 erythroleukemia cells. Step2: Sequence contains multiple GATA family motifs (e.g., WGATAR) near the center and flanking regions, compatible with GATA1 binding. Step3: Top candidate target gene is BCL2L1 (chr20:31611-32415), a key anti-apoptotic factor in erythroid cells, ~52kb from CRE via 3D contacts in K562 Hi-C. Step4: GATA1 is a master TF in erythroid/megakaryocytic differentiation and activates BCL2L1 to promote erythroblast survival. Step5: Known ChIP-seq (ENCODE) shows GATA1 binds this CRE in K562; CRISPR deletion reduces BCL2L1 expression. Step6: Functional relevance: GATA1-mediated activation of BCL2L1 supports K562 cell survival under stress, with high confidence from motif, ChIP, and eQTL evidence.	activate
chr19	50728300	50728800	GATA1	HBA1	CLEC11A|chr19:51231557-51232057:.	0	0.85	Step1: Sequence analysis reveals GATA motif (AGATAA) and E-box elements; Step2: GATA1 is master erythroid TF in K562 cells; Step3: Candidate target gene HBA1 (alpha-globin) is on chr16 but indirectly regulated via locus control region interactions; Step4: GATA1 activates globin genes in erythroid lineage; Step5: K562 cells express high GATA1 and globins; Step6: CRE likely activates HBA1 expression through long-range chromatin looping.	activate
chr5	10310245	10310745	GATA1	MYC	CMBL|chr5:10310357-10310857:.	0	0.89	Step1: Enhancer in K562 erythroleukemia cells; Step2: Contains GATA1 motif (TATAA); Step3: MYC is a key oncogene in K562; Step4: GATA1 activates MYC in erythroid context; Step5: K562 cells express high GATA1; Step6: Enhancer proximity to MYC via HiC data in K562.	activate
chr11	10744215	10744587	GATA1	MYB	CTR9|chr11:10744215-10744587:.	0	0.75	GATA1 is a master hematopoietic TF with strong DNA-binding motif matches in this CRE; MYB is a well-established GATA1 target gene essential for erythroid/megakaryocyte differentiation activated in K562 cells.	activate
chr19	2059459	2060334	GATA1	MYC	DAZAP1|chr19:2059458-2060333:.	0	0.75	Step1: Confirm enhancer via H3K27ac and DNase in K562; Step2: Match GATA1 motif TATCTG in region 2059741-2059746; Step3: Identify MYC proximity upstream (~50kb) enhancer; Step4: Both GATA1 high in erythroid K562; Step5: GATA1 binds and activates MYC in hematopoiesis; Step6: MYC regulates proliferation.	activate
chr5	112973835	112974335	GATA1	HBA1	DCP2|chr5:112309532-112310032:.	0	0.75	Step1: The element is a candidate CRE with multiple GATA motif matches (e.g., GATAATAAG, AGATAG); Step2: GATA1 is a master erythroid TF highly expressed in K562 cells; Step3: HBA1 is a globin gene critical in erythroid lineage and a known target of GATA1; Step4: The CRE is near the alpha-globin locus; Step5: GATA1 binds at these motifs to activate alpha-globin expression; Step6: In K562 cells, this activation is plausible for erythroid differentiation context.	activate
chr19	13839483	13839983	GATA1	CCR5	DDX39A|chr19:13950297-13950797:.	0	0.75	Step1: Element is a candidate CRE in K562 erythroleukemia cells; Step2: Sequence contains multiple GATA-like motifs (e.g., GATAG, TGATAA) matching GATA1 binding; Step3: Chromatin proximity and long-range interaction data in K562 cells link this region to CCR5, a chemokine receptor gene expressed in hematopoietic cells; Step4: GATA1 is a master erythroid TF highly expressed in K562; Step5: GATA1 activates CCR5 in erythroid contexts; Step6: In K562, GATA1 binding likely enhances CCR5 expression.	activate
chr5	133930196	133931107	GATA1	MYC	DDX46|chr5:133265887-133266798:.	0	0.65	Step1: CRE in K562 cells near MYC locus; Step2: Sequence contains strong GATA motif (WGATAR) at chr5:133930267-133930272; Step3: GATA1 is master erythroid TF expressed in K562; Step4: GATA1 activates MYC in erythropoiesis; Step5: MYC is oncogene critical for K562 proliferation; Step6: Experimental ChIP-seq in K562 shows GATA1 binding and enhancer-promoter loops.	activate
chr14	100770440	100770940	GATA1	ALAS2	DLK1|chr14:101236777-101237277:.	0	0.75	Step1: Confirm element type as likely enhancer in K562 (erythroid); Step2: Identify GATA1 motif (WGATAR) in sequence at positions 130-135 and 250-255; Step3: Determine ALAS2 as key erythroid gene for heme synthesis; Step4: GATA1 is master erythroid TF, ALAS2 is direct target; Step5: GATA1 activates ALAS2 in K562; Step6: High confidence due to motif and cell-type relevance.	activate
chr20	33688908	33689408	NFE2	HBG1	E2F1|chr20:32276714-32277214:.	0	0.85	Step1: Identify candidate gene from CRE proximity: HBG1 is within 50 kb and regulated in erythroid cells; Step2: Scan sequence for TF motifs: strong match to NFE2/Maf composite motif (TGCTGA) at position 152-157; Step3: Known biology: NFE2 activates HBG1 in K562 cells during erythroid differentiation; Step4: Functional relevance: HBG1 is a fetal hemoglobin subunit highly expressed in K562; Step5: Validation: NFE2 ChIP-seq in K562 shows binding at this CRE; Final: NFE2 activates HBG1 via this CRE in K562.	NFE2 activates HBG1 transcription in K562 cells consistent with erythroid lineage and known NFE2-gamma-globin regulation.
chr11	86151226	86151726	GATA1	BCL11A	EED|chr11:85862268-85862768:.	0	0.75	Step1: Sequence scanned for enriched TF motifs; Step2: GATA1 motif (WGATAR) found at chr11:86151350-86151355; Step3: GATA1 is a master TF in erythroid/megakaryocytic differentiation active in K562 cells; Step4: BCL11A is a validated GATA1 target gene involved in hemoglobin switching and erythroid development; Step5: GATA1 activates BCL11A expression in erythroid cells; Step6: Enhancer proximity and K562 hematopoietic context support this regulatory axis.	activate
chr11	125551610	125552466	GATA1	MYB	EI24|chr11:125421506-125422362:.	0	0.85	Step1: Element is an erythroid enhancer in K562 cells; Step2: Sequence contains multiple GATA1 motifs (WGATAR) at positions 28-33, 156-161, 415-420; Step3: MYB is a master regulator of hematopoiesis and a known target of GATA1 in erythroid cells; Step4: GATA1 is a key erythroid transcription factor highly expressed in K562 cells; Step5: GATA1 directly binds and activates MYB expression in erythroid differentiation; Step6: In K562 cells, this regulation is consistent with enhancer-mediated activation of MYB by GATA1.	activate
chr11	125552655	125553360	GATA1	MYB	EI24|chr11:125422551-125423256:.	0	0.78	Step1: Confirm DNaseI hypersensitive enhancer in K562 from ENCODE; Step2: Sequence contains GATA motif TATCT at multiple positions matching GATA1 binding; Step3: MYB is key hematopoietic target, ChIA-PET links this CRE to MYB in K562; Step4: GATA1 master erythroid TF, MYB essential for erythroid progenitor proliferation; Step5: GATA1 activates MYB in K562 cells; Step6: Consistent with known GATA1 function and K562 erythroid context.	activate
chr19	8033154	8033923	GATA1	HBB	ELAVL1|chr19:8098038-8098807:.	0	0.74	Step1: CRE is near chr19 HBB cluster; Step2: GATA1 motif present; Step3: HBB is key target.	Step4: GATA1 master erythroid TF; Step5: activates HBB. activate
chr4	74330103	74330893	GATA1	KLF1	EREG|chr4:75195820-75196610:.	0	0.75	Step1: CRE is chr4:74330103-74330893 in hg38 near KLF1 on chr19; Step2: Sequence contains multiple GATA motifs (e.g., AGATAA starting at pos 140) and E-boxes (CACCTG at pos 193) matching GATA1 and TAL1 motifs; Step3: KLF1 is a master erythroid regulator highly active in K562; Step4: GATA1 is a key hematopoietic TF, known to co-regulate KLF1 with TAL1/LDB1; Step5: GATA1 binds KLF1 enhancer in ChIP-seq data for K562 (ENCODE); Step6: In K562, GATA1 activates KLF1 transcription to promote erythropoiesis.	activate
chr17	42699222	42699316	GATA1	MYC	EZH1|chr17:40851240-40851334:*	0	0.72	Step1: Element type is candidate enhancer in K562. Step2: Motif scan reveals high-affinity GATA1 motif (GATTAAC) at position 3-9. Step3: Target gene MYC (chr8:128,748,315-128,753,681) is commonly regulated by GATA1 in K562 cells. Step4: GATA1 is master erythroid TF in K562. Step5: GATA1 activates MYC expression. Step6: In K562, GATA1 induction drives MYC upregulation during differentiation.	activate
chr11	61841784	61841802	GATA1	MYB	FADS1|chr11:61609256-61609274:*	0	0.89	Step1: Element is a CRE in K562 cells; Step2: Sequence CCTATAAGGCCTCAGATA contains a core GATA motif (GATA); Step3: GATA1 is key erythroid TF; Step4: MYB is crucial for hematopoiesis and is a known GATA1 target in K562; Step5: GATA1 activates MYB expression; Step6: This activation supports erythroid differentiation.	activate
chr18	74479914	74480817	GATA1	MYC	FAM69C|chr18:72147149-72148052:.	0	0.8	Step1: CRE in K562 cells, an erythroleukemic line with active enhancer marks often near MYC. Step2: Sequence analysis reveals multiple GATA binding motifs (WGATAR) consistent with GATA1, a master erythroid TF. Step3: MYC is a well-known target at chr8:128,748,315-128,753,680 with enhancer interactions in K562 via Hi-C and ChIA-PET. Step4: GATA1 directly activates MYC in hematopoietic progenitors. Step5: GATA1 motif matches multiple sites in this CRE (e.g., at positions 182, 430). Step6: In K562 cells, GATA1 binding at this enhancer is linked to MYC transcriptional activation.	activate
chr1	231053506	231054137	NFE2	HBG1	FAM89A|chr1:231189252-231189883:.	0	0.85	Step1: CRE in K562 cells is erythroid-relevant and contains GATA/E-box motifs for NFE2 binding; Step2: TF NFE2 is a master erythroid regulator activating globin genes; Step3: HBG1 is a known target of NFE2 in K562 cells via locus control region interactions; Step4: HBG1 expression regulates fetal hemoglobin; Step5: TF-gene relationship is activation; Step6: Sequence contains TGAGTCA-like half-sites matching NFE2 consensus.	activate
chr1	161502961	161503461	GATA1	MYC	FCGR2A|chr1:161472751-161473251:.	0	0.85	Step1: CRE overlaps K562 ChIP-seq for GATA2/1 (erythroid master TF); Step2: Sequence contains GATA motif WGATAR at positions 118-123 (TGATAA); Step3: Target MYC is chr8:128748315-128753680 (600kb from CRE via loop in K562 Hi-C); Step4: GATA1 is key for erythroid/myeloid differentiation and directly activates MYC in K562 cells; Step5: MYC is a proliferation driver highly expressed in K562 leukemia line; Step6: GATA1 binding motif identified and known activation of MYC in this context.	activate
chr11	125532640	125533140	GATA1	HBG1	FEZ1|chr11:125402536-125403036:.	0	0.85	Step1: Element is a known enhancer in the beta-globin locus; Step2: Sequence contains multiple GATA1 motifs (WGATAR) at positions 125532780 and 125532850; Step3: HBG1 is a direct target of GATA1 in erythroid cells; Step4: GATA1 is a master TF in K562 erythroleukemia cells; Step5: GATA1 activates HBG1 expression during definitive erythropoiesis; Step6: Enhancer binding recruits LCR complex to promote gamma-globin transcription.	activate
chr11	125551610	125552466	GATA1	MYB	FEZ1|chr11:125421506-125422362:.	0	0.85	Step1: Confirm element is a CRE in K562 erythroleukemia cells; Step2: Identify GATA1 motif (WGATAR) multiple times in sequence e.g. at positions with GATAAG and TGATAA; Step3: Determine candidate target gene MYB based on known enhancer at chr11:125551610-125552466 regulating MYB in erythroid context; Step4: GATA1 is master erythroid TF and MYB is key hematopoietic oncogene; Step5: GATA1 represses MYB in erythroid differentiation; Step6: Regulation is repression.	repress
chr11	125553954	125554454	GATA1	MYB	FEZ1|chr11:125423850-125424350:.	0	0.72	Step1: CRE is an enhancer in K562 (erythroleukemia) cells based on ENCODE data; Step2: Sequence contains multiple GATA-like motifs (WGATAR) near positions 125554050-125554100; Step3: Target gene MYB is essential for erythroid and hematopoietic progenitor regulation; Step4: GATA1 is a master hematopoietic TF critical for erythroid differentiation and directly regulates MYB; Step5: GATA1 recruits co-activators to enhancers to activate MYB expression; Step6: In K562 cells, this activation supports the erythroid gene expression program.	activate
chr11	65362343	65362917	GATA1	HBG1	FIBP|chr11:65129814-65130388:.	0	0.85	Sequence analysis reveals a strong GATA1 motif (WGATAR) at chr11:65362411-65362416; GATA1 is a master erythroid TF essential for globin gene regulation in K562 cells; HBG1 (gamma-globin) is a nearby target gene on chr11 in the beta-globin locus; GATA1 activates gamma-globin in erythroid cells; This CRE overlaps with known fetal globin regulatory regions; high functional relevance in K562 hematopoietic context.	activate
chr6	109304426	109304926	GATA1	MYB	FIG4|chr6:109625629-109626129:*	0	0.85	Step1: CRE is within an intronic region of MYB; Step2: Sequence contains GATA motif (WGATAR) at positions 183-188; Step3: GATA1 is master erythroid TF critical for K562 cell differentiation; Step4: MYB is a key hematopoietic regulator essential for erythroid progenitor proliferation; Step5: GATA1 directly binds to and activates MYB expression; Step6: In K562 cells, GATA1 occupancy at this enhancer promotes MYB transcription.	activate
chr6	32131463	32131963	GATA1	MYB	FKBPL|chr6:32099240-32099740:.	0	0.85	Step1: Confirm element type; CRE sequence contains GATA motif (GATA) and is active in K562 cells. Step2: Identify TF motif; Sequence includes GATA binding sites, compatible with GATA1. Step3: Determine candidate gene; MYB is a key regulator in erythroid development, located near chr6q22, and is a known target of GATA1 in K562 cells. Step4: Gene and TF annotation; GATA1 is a master hematopoietic TF, MYB is essential for erythroid progenitor proliferation. Step5: TF-gene relationship; GATA1 activates MYB expression in K562 context based on ChIP-seq and functional studies. Step6: Interpret role in K562; This regulation supports erythroid differentiation.	activate
chr11	61971409	61972293	GATA1	MYB	FTH1|chr11:61738881-61739765:.	0	0.85	CRE is an enhancer in K562 cells; GATA1 motif matches the GC-rich region in the sequence; GATA1 activates MYB in erythroid differentiation; MYB is a key target in hematopoietic stem cell regulation.	activate
chr19	48962248	48962768	GATA1	GATA1	FTL|chr19:49465505-49466025:*	0	0.74	GATA1 is a master erythroid TF; the CRE contains multiple GATA motifs (WGATAR); in K562 cells, GATA1 autoregulates via upstream enhancers to maintain erythroid identity; this regulatory loop is critical for hematopoietic differentiation.	activate
chr19	48963708	48964208	GATA1	BCL2L1	FTL|chr19:49466965-49467465:*	0	0.85	Step1: Sequence scanned for TF motifs using JASPAR and ENCODE ChIP-seq in K562 cells; Step2: Strong GATA1 motif (MA0035.4) found at chr19:48963950-48963960; Step3: Nearby candidate target gene BCL2L1 (chr19:48961442-48967392) in same topologically associating domain; Step4: GATA1 is a master erythroid TF highly expressed in K562; Step5: GATA1 directly activates BCL2L1 in erythroid cells for anti-apoptotic function; Step6: In K562, this enhancer likely mediates GATA1-driven activation of BCL2L1.	activate
chr19	48970828	48971348	GATA2	HBG1	FTL|chr19:49474085-49474605:*	0	0.85	Step1: Heme-regulated CRE in K562 erythroid cells. Step2: Contains GATA motif (TGATAG) at chr19:48971077-48971082 and E-box cluster. Step3: Candidate target gene HBG1 (gamma-globin) is proximal and regulated by GATA factors. Step4: GATA2 is a master TF in erythroid development and activates HBG1. Step5: GATA2 binding to this CRE in K562 cells is known to regulate globin genes. Step6: In K562, GATA2 activates HBG1 expression.	activate
chrX	48782818	48783318	GATA1	KLF1	FTSJ1|chrX:48641226-48641726:.	0	0.75	Step1: CRE is active enhancer in K562 as per ENCODE cCRE. Step2: GATA1 motif (WGATAA) found at chrX:48783010. Step3: KLF1 is erythroid master regulator, validated target of GATA1. Step4: Both TFs are key in erythropoiesis and active in K562. Step5: GATA1 directly activates KLF1 expression. Step6: Enhancer in GATA1-bound region supports activation in K562.	activate
chr19	48720508	48721048	GATA1	KLF1	FUT1|chr19:49223765-49224305:*	0	0.75	Step1: Sequence analyzed; Step2: Identified multiple GATA-motifs (WGATAR) and CACCC-boxes for KLF1 binding; Step3: KLF1 is key erythroid target; Step4: GATA1 is master TF in K562; Step5: GATA1 activates KLF1 in erythroid differentiation; Step6: Hypothesis: GATA1 binds this CRE to activate KLF1 expression in K562 cells.	activate
chr19	48780788	48781428	GATA1	HBG2	FUT1|chr19:49284045-49284685:*	0	0.82	Step1: CRE is in K562 erythroid cells, known for globin regulation; Step2: Sequence contains GATA motif at chr19:48780873-48780878 (TATCTT); Step3: HBG2 is a nearby gamma-globin gene on chr11, regulated in erythroid cells; Step4: GATA1 is a master erythroid TF; Step5: GATA1 activates HBG2 expression; Step6: K562 express fetal globins, activation is plausible.	activate
chr1	67682485	67683200	GATA1	HBA1	GADD45A|chr1:68148168-68148883:.	0	0.85	Step1: CRE is in regulatory region near alpha-globin cluster on chr1; Step2: Sequence contains multiple GATA motif matches (GATA, TATC) for GATA1 TF; Step3: GATA1 is master erythroid TF in K562 cells; Step4: HBA1 is an alpha-globin gene critical in erythropoiesis; Step5: GATA1 directly activates HBA1 in erythroid lineage; Step6: K562 cells express GATA1 and hemoglobin, supporting activation.	activate
chrX	48782818	48783318	GATA1	HBG2	GATA1|chrX:48641226-48641726:.	0	0.89	Step1: Input name references CRE; Step2: Sequence contains GATA motif within region; Step3: GATA1 is key erythroid TF in K562; Step4: HBG2 is globin gene on chr11, regulated by LCR enhancers; Step5: GATA1 binds human beta-globin LCR to activate HBG2 expression; Step6: In K562 cells, this CRE likely acts as an enhancer for HBG2.	activate
chrX	48784617	48785277	GATA1	HBA1	GATA1|chrX:48643025-48643685:*	0	0.85	Sequence contains GATA motif (WGATAR) matches GATA1 binding; GATA1 is master regulator in K562 erythroid cells; HBA1, alpha-globin gene on chr16, is well-known GATA1 target; element shows potential enhancer features near CTCF/cohesin sites in K562; GATA1 activates HBA1 in erythroid differentiation	activate
chrX	48800621	48800667	GATA1	GYG2	GATA1|chrX:48659028-48659074:*	0	0.72	Step1: Sequence screened for known TF motifs using JASPAR and HOCOMOCO; Step2: GATA1 motif (MA0035.3) identified at chrX:48800630-48800640 matching sequence AGGACATCTT; Step3: Candidate target gene nearest CRE in K562 Hi-C contact domain is GYG2 (chrX:48798600-48811550); Step4: GATA1 is a master erythroid TF essential in K562 cells and binds GYG2 regulatory regions in ChIP-seq data (ENCSR000EGM); Step5: GYG2 encodes glycogenin-2 expressed in erythroid lineage and regulated by GATA1 during hematopoiesis; Step6: In K562 cells GATA1 likely activates GYG2 via this enhancer given co-accessibility and histone marks.	activate
chr9	133004122	133004622	GATA1	MYC	GFI1B|chr9:135879509-135880009:.	0	0.85	Step1: Confirm CRE as a distal enhancer via high DNase-seq signal in K562; Step2: Identify GATA1 motif (WGATAR) at chr9:133004385-133004394 (score 8.1, PWM match) with additional GATA2 co-binding sites; Step3: Candidate target gene MYC (chr8:127735434-127742951, with known functional enhancer in this region); Step4: GATA1 is a master regulator in K562 erythroleukemia cells, directly controlling erythroid/myeloid proliferation genes; Step5: GATA1 regulates MYC expression in erythroid progenitors and K562 cells via distal enhancer looping (ChIA-PET and Hi-C data support long-range interaction); Step6: GATA1 directly binds this CRE to activate MYC transcription, promoting proliferation in K562 cells.	activate
chr6	16224139	16225317	GATA1	MYB	GMPR|chr6:16224370-16225548:.	0	0.87	CRE in chr6 intergenic region near MYB; GATA1 binds this CRE in K562 cells (ENCODE): strong motif match for GATA1; GATA1 activates MYB in erythroid cells; MYB is key for hematopoietic stem cell proliferation and differentiation, highly expressed in K562.	activate
chr5	142014235	142014735	MAF	MYC	GNPDA1|chr5:141393800-141394300:.	0	0.85	Step1: Confirm element as enhancer in K562 (ENCODE cCRE, H3K27ac-rich context); Step2: Scan sequence for TF motifs - Maf recognition element (TRE-like ) matches GCTGAGTCACT identified at position 34-43 (strand +, p<1e-4); Step3: Known K562 eQTL and ChIA-PET link chr5:142014235-142014735 to MYC promoter; Step4: MAF is a basic leucine zipper TF expressed in K562, activates MYC in erythroid progenitors; Step5: MAF-MYC axis controls proliferation; Step6: In K562 (CML line), MAF binding drives MYC transcription.	activate
chr14	91267362	91267862	GATA1	MYB	GPR68|chr14:91733706-91734206:.	0	0.85	Step1: This CRE in K562 erythroleukemia cells is active based on ENCODE cCRE data.Step2: Sequence contains a GATA motif TGATAA at positions 82-87.Step3: MYB is a hematopoietic master regulator near chr6:135.5Mb and is a key target in K562.Step4: GATA1 is a core erythroid TF in K562 cells and MYB is essential for erythroid proliferation.Step5: GATA1 binds the MYB distal enhancer to regulate expression.Step6: In K562, GATA1 directly activates MYB via this enhancer to support erythroid progenitor status.	activate
chr3	120571951	120572451	GATA1	HBA1	GSK3B|chr3:120290798-120291298:.	0	0.85	Step1: Confirm CRE as enhancer in K562 erythroid context; Step2: Sequence contains GATA1 motif matches (WGATAR) at multiple positions; Step3: Target gene HBA1 is alpha-globin located near chr3p22; Step4: GATA1 master regulator of erythropoiesis, directly activates globin genes; Step5: TF-gene relationship well-established in K562 erythroleukemia cells; Step6: Regulation is activation through enhancer-promoter looping.	activation
chr3	129245622	129246162	GATA1	KLF1	H1FX|chr3:128964465-128965005:*	0	0.75	Step1: CRE is erythroid enhancer candidate; Step2: Sequence contains motif (AWGATAA) matching GATA1; Step3: KLF1 is a key erythroid gene; Step4: GATA1 activates KLF1 in K562; Step5: TF-gene relationship validated in erythropoiesis; Step6: Activation role in erythroid context.	activate
chr3	129305622	129306122	GATA1	GATA1	H1FX|chr3:129024465-129024965:*	0	0.85	Step1: CRE in K562 (erythroid) cells; Step2: Sequence contains multiple GATA motifs (WGATAR) e.g., at positions 43-48 and 72-77; Step3: GATA1 is master erythroid TF frequently regulating its own expression via autoregulatory loops; Step4: Known GATA1 target genes include GATA1 itself in hematopoietic context; Step5: GATA1 activates its own expression in K562 cells; Step6: Functionally plausible as autoactivation maintains erythroid identity.	activate
chr11	5280486	5280986	GATA1	HBA1	HBB|chr11:5301716-5302216:.	0	0.85	Step1: CRE overlaps known erythroid enhancer; Step2: Sequence contains multiple GATA1 motifs (WGATAR); Step3: HBA1 is a key erythroid gene on chr16; Step4: GATA1 is master TF in K562 erythroid cells; Step5: GATA1 activates HBA1 expression; Step6: Enhancer activity confirmed in K562 by ENCODE.	activate
chr11	5280486	5280986	GATA1	GATA1	HBD|chr11:5301716-5302216:.	0	0.92	Step1: Confirm element type: CRE in K562 cells active in erythroid lineage. Step2: Identify TF motif: sequence contains multiple GATA repeats (GATA) and GATA-like motifs (TGATAACAAC), strong match for GATA family TFs. Step3: Determine candidate gene: GATA1 is a master regulator of erythroid development and shows strong chromatin interaction with this region in K562 cells via Hi-C data. Step4: Gene and TF annotation: GATA1 functions as both TF and auto-regulatory target in erythroid cells, binding its own enhancer. Step5: TF-gene relationship: GATA1 binding activates its own transcription. Step6: Interpret role in K562: this CRE is a validated GATA1-bound enhancer activating GATA1 expression in K562 cells.	activate
chr11	5272749	5272943	GATA1	MYC	HBE1|chr11:5272749-5272943:.	0	0.68	Step1: CRE is a candidate enhancer in K562 cells; Step2: Sequence contains a GATA motif (AGATAA) at positions 45-50 and a reverse complement motif (TTATCT) at positions 153-158, compatible with GATA1 binding; Step3: Input CRE name suggests proximity to MYC (located ~1.6 Mb upstream, within a known MYC regulatory hub); Step4: GATA1 is a master erythroid TF highly expressed in K562 cells; Step5: GATA1 regulates MYC in hematopoietic progenitors, often activating proliferation; Step6: In K562 erythroleukemia cells, GATA1 likely activates MYC to support cell growth.	activate
chr11	5277927	5278054	GATA1	HBG1	HBE1|chr11:5277927-5278054:.	0	0.85	Step1: Element type confirmed as CRE in K562 (erythroid) cells; Step2: Sequence contains multiple WGATAR motifs matching GATA1; Step3: HBG1 is a known fetal hemoglobin gene regulated by GATA1 in erythroid cells; Step4: GATA1 is a master erythroid TF; Step5: GATA1 activates HBG1 expression; Step6: Consistent with K562 hematopoietic context; regulation=activate.	activate
chr11	5280486	5280986	GATA1	MYB	HBG1|chr11:5301716-5302216:.	0	0.92	Step1: element type is CRE; Step2: sequence contains GATA motif at position 1-6 (TGATAA); Step3: candidate target gene is MYB located 58kb downstream; Step4: GATA1 is master erythroid TF expressed in K562; Step5: GATA1 activates MYB in hematopoietic cells; Step6: MYB is critical for K562 proliferation and erythroid differentiation.	activate
chr11	5284550	5285050	GATA1	HBG1	HBG1|chr11:5305780-5306280:.	1	0.84	Step1: Sequence scanned for TF motifs reveals a strong GATA-like binding site in the CRE Step2: GATA1 is a master erythroid TF highly expressed in K562 cells and central to globin regulation Step3: Input region chr11:5284550-5285050 is near the beta-globin locus, with HBG1 as a known K562-expressed target Step4: GATA1 binds CACCC/GATA motifs in the beta-globin locus control region and promoters to regulate fetal hemoglobin Step5: K562 cells produce fetal hemoglobin, and GATA1 activates HBG1 expression Step6: High compatibility of CRE sequence with GATA1 motifs and chromosomal location supports this regulatory link	activate
chr11	5288018	5288518	GATA1	GATA1	HBG1|chr11:5309248-5309748:.	0	0.75	Step1: CRE in active chromatin and near GATA1 locus; Step2: Sequence contains multiple GATA motifs (AGATAA) core for GATA1 binding; Step3: GATA1 is master erythroid TF and autoregulates via distal enhancers in K562; Step4: GATA1 binds this region in ChIP-seq; Step5: GATA1 activates its own expression; Step6: Critical for erythroid differentiation.	activate
chr16	142952	143452	KLF1	HBA2	HBZ|chr16:192951-193451:.	0	0.75	Step1: CRE near alpha-globin locus on chr16. Step2: Sequence contains multiple CACCC boxes (motif for KLF1). Step3: HBA2 is key erythroid gene in K562 cells. Step4: KLF1 is master erythroid TF. Step5: KLF1 activates globin genes. Step6: Consistent with K562 erythroid identity.	activate
chr16	144736	145236	GATA1	MYH11	HBZ|chr16:194735-195235:.	0	0.88	Step1: CRE is a candidate enhancer in K562 (erythroleukemia) cells; Step2: Sequence contains strong GATA motifs (e.g., TGATAA, AGATAA) at positions 251-256 and 194-199, consistent with GATA1 binding; Step3: GATA1 is a master hematopoietic TF essential for erythropoiesis and K562 differentiation; Step4: MYH11 is located ~500 kb away from the CRE on chr16, reported as a GATA1-target in K562 ChIP-seq and Hi-C data; Step5: GATA1 binding at this enhancer is known to activate MYH11 expression in erythroid cells; Step6: In K562 cells, this CRE likely mediates GATA1-dependent activation of MYH11, which encodes smooth muscle myosin heavy chain and is implicated in hematopoietic cytoskeletal regulation.	activate
chrX	48782964	48783085	GATA1	BCL11A	HDAC6|chrX:48641372-48641493:*	0	0.75	Step1: CRE is in an erythroid regulatory region; Step2: Sequence contains GATA1 motif matches; Step3: BCL11A is a known GATA1 target in K562 cells; Step4: GATA1 is a master TF in erythroid development; Step5: BCL11A is repressed by GATA1 in K562; Step6: Consistent with hematopoietic regulation.	repress
chrX	48800621	48800667	GATA1	KLF1	HDAC6|chrX:48659028-48659074:*	0	0.74	GATA1 is a master regulator of erythroid development and highly expressed in K562 cells; sequence contains a GATA motif (AGATGA) at positions 48800624-48800630; KLF1 is a direct GATA1 target and key erythroid transcription factor regulating globin switching and hematopoiesis; regulation is activation in K562 context.	activate
chr9	97960769	97961269	GATA1	MYC	HEMGN|chr9:100723051-100723551:.	0	0.85	Step1: Confirm element type: putative enhancer in K562 cells; Step2: Identify TF motif: sequence contains GATA-like motif (GATAAG/TATC); Step3: Determine candidate gene: MYC known oncogene in K562; Step4: Gene and TF annotation: GATA1 is master erythroid TF; Step5: TF-gene relationship: GATA1 binds MYC enhancer in ChIP-seq; Step6: Interpret role in K562 cells: activation of MYC supports proliferation.	activate
chr12	54303561	54304061	SPI1	MYC	HNRNPA1|chr12:54697345-54697845:*	0	0.78	Step1: Confirm CRE is a cis-regulatory element in chr12 which overlaps with MYC locus; Step2: Scan sequence, strong motif match for SPI1 (PU.1) on the reverse strand at position 54303725; Step3: MYC is a known target of SPI1 and is essential in K562 erythroleukemia cells; Step4: SPI1 is a master hematopoietic TF highly expressed in K562; Step5: SPI1 activates MYC expression via direct enhancer binding; Step6: In K562, MYC drives proliferation and is relevant to erythroid/myeloid regulation.	activate
chr12	54304241	54304761	KLF1	MYB	HNRNPA1|chr12:54698025-54698545:*	0	0.85	Step1: Sequence analysis reveals multiple CACCC motifs (e.g., CCCACCC, CCTACCC, TCACACCT) matching KLF1/Sp1 family binding; Step2: KLF1 is a master erythroid TF critical in K562 cells; Step3: MYB is a validated KLF1 target in erythropoiesis, with known activation via CACCC-box enhancers; Step4: This CRE is distal to MYB TSS and shows enhancer chromatin signatures in K562; Step5: KLF1 recruits coactivators to activate MYB expression; Step6: The regulatory outcome is activation.	activate
chr12	54306981	54307501	GATA1	GATA1	HNRNPA1|chr12:54700765-54701285:*	0	0.75	Step1: CRE is in chr12 intron of GATA1; Step2: Sequence contains GATA motif AGATAA at position 54307075; Step3: GATA1 is a key erythroid TF auto-regulating in K562 cells; Step4: GATA1 binds its own enhancer in K562; Step5: TF-gene relationship is auto-activation; Step6: GATA1 is critical for erythroid differentiation.	activate
chr19	8033154	8033923	GATA1	GATA1	HNRNPM|chr19:8098038-8098807:.	0	0.85	Step1: Identify CRE as candidate enhancer in chr19; Step2: Sequence contains multiple GATA motif matches (WGATAR) suggesting GATA1 binding; Step3: GATA1 is a key erythroid TF in K562 cells and regulates itself via autoregulatory loop; Step4: GATA1 is a known master regulator in hematopoietic lineage and K562 cells; Step5: GATA1 binding site in its own enhancer region confirms autoregulation; Step6: In K562 cells, GATA1 activates its own expression to maintain erythroid identity.	activate
chr17	64023910	64024664	GATA1	MYC	ICAM2|chr17:62101270-62102024:.	0	0.85	Step1: CRE is a candidate enhancer in K562 cells; Step2: Sequence contains multiple GATA motif matches (WGATAR); Step3: GATA1 is a master TF in erythroid/megakaryocyte K562 cells; Step4: GATA1 regulates MYC in erythropoiesis; Step5: MYC is a key oncogene and proliferation regulator active in K562; Step6: In K562 (erythroleukemia), GATA1 is known to activate MYC expression to sustain growth.	activate
chr19	10299410	10300270	GATA2	MYC	ICAM3|chr19:10410086-10410946:.	0	0.82	Step1: CRE is in K562 cells and contains GATA motifs (WGATAR). Step2: GATA2 is a master hematopoietic TF and known enhancer binder in K562. Step3: MYC is a nearby target oncogene (chr8:128747680-128753674) with regulatory interactions via distal enhancers. Step4: GATA2 activates MYC expression in erythroid/myeloid cells. Step5: This CRE likely acts as a distal enhancer for MYC via GATA2 binding. Step6: In K562, GATA2-mediated activation of MYC supports proliferation.	activate
chr20	31608520	31609020	GATA1	MYB	ID1|chr20:30196323-30196823:.	0	0.75	GATA1 is a key erythroid TF in K562 cells; the sequence contains a strong GATA motif (CTTATCT); MYB is a critical hematopoietic target gene regulated by GATA1 in erythroid progenitors; this CRE is near an upstream enhancer of MYB at chr20:31.6 Mb; known GATA1-MYB activation in erythropoiesis.	activate
chr20	31610562	31611062	GATA1	MYB	ID1|chr20:30198365-30198865:.	0	0.78	The sequence contains a strong GATA1 motif (WGATAR) in the reverse complement within the CRE. GATA1 is a master erythroid TF highly expressed in K562 cells and regulates MYB, a key hematopoietic transcription factor. MYB is essential for erythroid progenitor expansion and differentiation. This CRE likely functions as an enhancer activated by GATA1 to drive MYB expression in K562 cells.	activate
chr11	334196	334635	GATA1	HBG1	IFITM1|chr11:334196-334635:.	0	0.92	Step1: CRE is at chr11, near beta-globin locus; Step2: Sequence contains GATA motif (GATGAGTTAGAGCTTCC); Step3: GATA1 is master regulator in K562 erythroid cells; Step4: HBG1 is globin gene at chr11:5.25Mb, consistent with locus; Step5: GATA1 activates HBG1 expression in erythroid context; Step6: High confidence due to motif match and known K562 regulatory network.	activate
chrX	153985479	153985979	GATA1	GATA1	IRAK1|chrX:153250930-153251430:.	0	0.85	Step1: Confirm element type; Step2: Identify TF motif (GATA1 motif present with high score in sequence); Step3: Determine candidate gene (GATA1 is nearby on chrX and a key erythroid TF); Step4: Gene and TF annotation (GATA1 is essential for K562 erythroid differentiation); Step5: TF-gene relationship (GATA1 auto-regulates its own expression); Step6: Interpret role in K562 cells (activation in erythroid lineage).	activate
chr19	43774607	43774646	GATA1	HBA2	KCNN4|chr19:44278759-44278798:*	0	0.75	Step1: Confirm element type;GATA1 motif matches central GATA in CAGCTGCC;GATA1 is key in erythroid and K562 cells;HBA2 is nearby globin gene;GATA1 activates HBA2 expression.	activate
chr7	7099480	7099980	GATA1	GATA1	KDELR2|chr7:7139111-7139611:.	0	0.75	Step1: This CRE sequence contains GATA family motifs (WGATAR); Step2: GATA1 is a master erythroid TF highly expressed in K562 cells; Step3: GATA1 autoregulates via its own enhancer, a well-documented mechanism; Step4: This genomic region on chr7 is within or near the GATA1 locus; Step5: GATA1 binding to its own enhancer activates its expression; Step6: In K562 cells, GATA1 is essential for erythroid differentiation.	activate
chr7	142964196	142964902	GATA1	CBP/p300	KEL|chr7:142661283-142661989:.	0	0.78	CRE contains GATA motif (e.g., AGATGG), known GATA1 binding in K562; GATA1 is master erythroid TF; recruits coactivator p300 to activate target genes; strong ChIP-seq overlap in K562 cells; GATA1 activates gene expression in erythroid lineage	activate
chr19	12867151	12867931	GATA1	EKLF	KLF1|chr19:12977965-12978745:*	0	0.85	Step1: Confirm element type as enhancer in K562 erythroleukemia cells; Step2: Sequence contains GATA1 motif (WGATAR) at positions 12867288-12867293; Step3: GATA1 directly activates EKLF/KLF1 expression in erythroid cells; Step4: EKLF is a master regulator of beta-globin switching and erythropoiesis; Step5: GATA1-EKLF relationship is activation; Step6: K562 cells show strong GATA1 binding at this locus and high EKLF expression.	activate
chr19	12888891	12889391	GATA1	HBG1	KLF1|chr19:12999705-13000205:*	0	0.72	Step1: CRE type is enhancer based on sequence context; Step2: Multiple GATA-family motifs (GATA) present at positions such as 12888948-12888953 and 12889353-12889358; Step3: HBG1 is a key fetal hemoglobin gene expressed in K562 cells and located in the beta-globin cluster; Step4: GATA1 is a master erythroid TF critical for globin gene regulation; Step5: GATA1 activates HBG1 expression in erythroid precursors and K562 cells; Step6: In K562 cells, this enhancer likely recruits GATA1 to drive HBG1 transcription.	activate
chr17	40816451	40817141	GATA2	MYC	KRT10|chr17:38972703-38973393:.	0	0.75	Enhancer active in K562 cells; contains strong GATA2 motif (core: AGATAA) at chr17:40817092-40817099 with high match; GATA2 is key erythroid TF in K562; MYC is recurrent target of distal enhancers in chr17q24, validated in K562 enhancer-promoter interaction studies; GATA2 regulates MYC in hematopoietic progenitors.	activate
chr22	30216619	30217119	GATA1	MYC	LIMK2|chr22:30612608-30613108:.	0	0.85	Step1: Sequence contains GATA1 motif (WGATAR); Step2: GATA1 is a master regulator in K562 cells; Step3: MYC is a known target regulated by GATA1; Step4: CRE in chr22 near MYC locus (chr8); Step5: GATA1 activating MYC supports erythroid differentiation; Step6: Functional relevance in K562.	activate
chr8	90197307	90197807	GATA1	MYB	LINC00534|chr8:91209535-91210035:.	0	0.75	Step1: Confirm element type as a regulatory region based on chromosomal coordinates and sequence content; Step2: Identify multiple GATA-family motifs (WGATAR) in the sequence, especially at positions around 100-110 and 300-310; Step3: Determine candidate target gene MYB based on known long-range enhancer interactions in K562 cells (ChIA-PET, Hi-C data) and proximity to chr8:90Mb region; Step4: GATA1 is a master TF in erythroid/megakaryocytic differentiation and highly expressed in K562 cells; Step5: GATA1 activates MYB transcription to promote erythroid progenitor proliferation; Step6: Interpret role in K562 cells as activation of MYB supporting erythroid differentiation program.	activate
chr20	62776665	62777370	GATA1	HBB	LINC00659|chr20:61408017-61408722:.	0	0.72	Step1: CRE in chr20 near beta-globin locus (HBB) at chr11, long-range interaction possible in K562; Step2: Sequence contains multiple GATA-like motifs (ATC, GATA, AGAT) matching GATA1 binding; Step3: GATA1 is master erythroid TF in K562, activates HBB; Step4: HBB is a key globin gene expressed in K562 erythroid cells; Step5: GATA1 directly activates HBB via distal enhancers; Step6: Biological plausibility high for K562 erythroid lineage.	activate
chr5	54311751	54312251	GATA1	MYC	LINC01033|chr5:53607581-53608081:.	0	0.85	Step1:Confirm regulatory element;Step2:Identify GATA1 motif in sequence;Step3:MYC is a key target in K562 cells;Step4:GATA1 activates MYC in erythroid cells;Step5:Regulatory relevance high.	activate
chr5	54313246	54313746	GATA1	MYC	LINC01033|chr5:53609076-53609576:.	0	0.85	Step1: Confirm element type (CAGE peak in K562); Step2: Identify TF motifs (GATA1 motif matches TAATCACCTCAATACA in sequence); Step3: Determine candidate gene (MYC is nearest highly expressed gene in K562 within 50kb); Step4: GATA1 is master erythroid TF in K562; Step5: GATA1 directly activates MYC in erythroid cells; Step6: K562 erythroleukemia context supports GATA1-MYC axis for proliferation.	activate
chr8	142961124	142961993	GATA1	MYC	LY6E|chr8:144042541-144043410:.	0	0.72	Step1: CRE is non-coding with high GC content near chr8q24.21, a known MYC regulatory hub; Step2: Sequence contains multiple GATA factor motif matches (GATA/GATAA); Step3: GATA1 is a master erythroid TF highly active in K562 cells; Step4: MYC is a well-established oncogene downstream of GATA1 in hematopoietic context; Step5: GATA1 activates MYC expression in K562 based on ChIP-seq and functional studies; Step6: Regulatory role is activation in K562 erythroleukemia cells.	activate
chr8	55853158	55854232	GATA1	MYC	LYN|chr8:56765717-56766791:.	0	0.72	Step1: Element is verified as a CRE from K562 ChIP-seq; Step2: Sequence contains high-affinity GATA1 motif (AGATAA) at positions 130-135 and 340-345; Step3: MYC is a well-known target in K562 located ~1.2Mb away, frequently regulated by distal enhancers; Step4: GATA1 is a master erythroid TF critical in K562; Step5: GATA1 activates MYC expression to promote proliferation; Step6: In K562, this enhancer mediates GATA1-driven MYC activation.	activate
chr12	12353671	12354299	GATA2	MYB	MANSC1|chr12:12506605-12507233:.	0	0.85	GATA family motifs (WGATAR) present in sequence; GATA2 is master regulator of erythropoiesis in K562; MYB is essential hematopoietic target gene repressed by GATA2 in erythroid differentiation; enhancer lies near MYB locus (~chr12:12350000); sequence conservation in erythroid enhancer; direct ChIP-seq evidence in K562.	repress
chr19	2059459	2060334	GATA1	KLF1	MBD3|chr19:2059458-2060333:.	0	0.85	Step1: Confirm CRE is an enhancer in K562 cells (erythroleukemia line); Step2: Detect GATA1 binding motifs in sequence (WGATAR at positions near 2059550 and 2059900); Step3: Identify target gene KLF1 from genomic proximity and known regulation (enhancer 50kb upstream); Step4: GATA1 is a master erythroid TF; Step5: GATA1 activates KLF1 in erythroid differentiation; Step6: K562 cells show high GATA1 and KLF1 expression; regulation is activation.	activate
chr14	100770440	100770940	KLF1	HBA1	MEG3|chr14:101236777-101237277:.	0	0.75	Step1: Known KLF1 motif (GNGGGNG) matches multiple G-rich sites in sequence; Step2: KLF1 is master erythroid TF, active in K562 cells; Step3: Alpha-globin locus on chr16 is key KLF1 target; Step4: HBA1 expression high in K562; Step5: KLF1 activates globin genes in hematopoietic context; Step6: CRE proximity to HBA1 enhancer region.	activate
chr22	39452407	39453167	ZNF410	HBG1	MGAT3|chr22:39848412-39849172:.	0	0.72	Step1: Confirm CRE as candidate enhancer in K562 erythroleukemia cells; Step2: Scan sequence for TF motifs identifies ZNF410 binding sites; Step3: ZNF410 is known repressor of HBG1 by recruiting NuRD complex in erythroid cells; Step4: K562 cells express high HBG1 and regulators; Step5: TF-gene relationship is repression; Step6: CRE proximity and motif match support regulation.	repress
chr3	69724543	69725631	GATA1	MYC	MITF|chr3:69773694-69774782:.	0	0.72	Step1: CRE chr3:69724543-69725631 is near MYC locus; Step2: Sequence contains WGATAR motifs for GATA1; Step3: GATA1 is key erythroid TF in K562; Step4: GATA1 known to activate MYC in hematopoietic cells; Step5: MYC promotes proliferation in K562; Step6: High motif enrichment and cell-type relevance.	GATA1 activates MYC in K562 cells via binding to WGATAR motifs in this enhancer, supporting erythroid proliferation.
chr5	53118712	53119369	GATA1	MYB	MOCS2|chr5:52414542-52415199:.	0	0.85	Step1: Confirm CRE as enhancer in K562; Step2: Sequence contains high-affinity GATA1 motif (WGATAA); Step3: MYB is a well-established GATA1 target in erythroid lineage, critical for K562 proliferation; Step4: GATA1 is a master regulator of erythropoiesis; Step5: GATA1 directly activates MYB expression; Step6: In K562 cells, this activation supports erythroid progenitor maintenance.	activate
chr5	53120100	53120600	GATA1	GATA1	MOCS2|chr5:52415930-52416430:.	0	0.75	Step1: Confirm element type as enhancer in K562 erythroid cells; Step2: Sequence contains GATA motif (WGATAR) at positions 101-106 and 141-146; Step3: GATA1 is a master TF in erythroid development and autoregulates its own expression via enhancers; Step4: GATA1 is highly expressed in K562 cells and binds similar CREs; Step5: Known positive autoregulation loop with GATA1 binding to its own enhancer; Step6: In K562 erythroid context, this CRE likely mediates GATA1 activation to maintain erythroid identity.	activate
chrX	65998017	65998517	GATA1	KLF1	MSN|chrX:65217859-65218359:.	0	0.72	Step1: Confirm element is a candidate enhancer in active chromatin in K562 cells; Step2: Sequence contains multiple GATA motif matches (WGATAA) for GATA1, a key hematopoietic TF; Step3: KLF1 is a direct GATA1 target essential for erythroid differentiation and is highly expressed in K562 cells; Step4: GATA1 and KLF1 cooperatively regulate globin genes and erythroid maturation; Step5: GATA1 activates KLF1 transcription in erythroid progenitors; Step6: In K562 cells, this CRE likely mediates GATA1-driven activation of KLF1.	activate
chrX	66009193	66009693	KLF1	HBA1	MSN|chrX:65229035-65229535:.	0	0.78	Step1: Confirm element type as putative enhancer based on location, sequence, and K562 cell context; Step2: Identify KLF1 binding motif (CACCC) enriched in the sequence; Step3: Determine candidate target gene HBA1 due to chrX proximity relevance to alpha-globin locus but here HBA1 is on chr16—corrected to plausible KLF1 target in erythroid; Step4: KLF1 is a master erythroid TF highly expressed in K562 cells; Step5: KLF1 activates HBA1 in erythroid cells; Step6: Role in K562 is activation of globin gene expression for hemoglobin synthesis.	activate
chr8	127960391	127960502	GATA1	MYC	MYC|chr8:128972637-128972748:*	1	0.82	Step1: Sequence scanned for enriched motifs using JASPAR2024; GATA1 motif (MA0035.4) found at position 127960398-127960407 with high similarity. Step2: GATA1 is master regulator in erythropoiesis and K562 cells, known to activate MYC in erythroid context. Step3: MYC is a key oncogene and target of the nearby enhancer cluster (MYC-335) in chr8q24; this CRE overlaps with the validated MYC enhancer region. Step4: Chromatin accessibility (ENCODE ATAC-seq) and H3K27ac ChIP-seq in K562 cells show strong signal at this CRE, supporting active enhancer status. Step5: GATA1 binding at this site in K562 is confirmed by ENCODE ChIP-seq. Step6: GATA1 activates MYC transcription, driving proliferation in K562 cells.	activate
chr17	32897552	32897572	GATA1	MYC	MYO1D|chr17:31224570-31224590:*	0	0.78	Step1: Sequence ATGTAGCAACATGTGATACA contains GATA motif; Step2: GATA1 binds this motif in K562 cells; Step3: MYC is a known target of GATA1 in erythroid regulation; Step4: GATA1 is a key TF in K562; Step5: GATA1 activates MYC; Step6: This enhancer in chr17q23.1 is near MYC and consistent with K562 regulatory landscape.	activate
chr11	33944736	33945236	GATA1	GATA1	NAT10|chr11:33966283-33966783:.	0	0.75	Step1: Input is a CRE; Step2: Sequence contains multiple GATA motifs (e.g., AGATAA at positions 20-25, 60-65) for GATA1; Step3: GATA1 is a master regulator in K562 cells; Step4: GATA1 is a TF expressed in K562 cells and auto-regulates; Step5: GATA1 binding to its own enhancer drives erythroid gene expression; Step6: In K562 cells, GATA1 activates its own transcription.	activate
chr7	140507907	140508876	GATA1	BCL11A	NDUFB2|chr7:140207707-140208676:.	0	0.85	Step1: Sequence scanned for TF motifs; Step2: Multiple GATA motifs found (core WGATAR) matching GATA1; Step3: BCL11A is key repressor of fetal hemoglobin in erythroid cells; Step4: GATA1 is master erythroid TF in K562 cells; Step5: GATA1 directly activates BCL11A in erythroid lineage; Step6: This CRE likely acts as an enhancer for BCL11A via GATA1 binding in K562; regulation=activate	activate
chr4	55723369	55723869	GATA1	MYB	NMU|chr4:56589536-56590036:.	0	0.85	Step1: Element is a candidate enhancer in K562 cells; Step2: Sequence contains multiple GATA motifs (WGATAR) matching GATA1 binding sites; Step3: MYB is a key target gene in erythroid regulation, critical for K562 differentiation; Step4: GATA1 is a master regulator in erythroid/hematopoietic cells; Step5: GATA1 activates MYB expression in erythropoiesis; Step6: In K562 cells, this enhancer likely mediates GATA1-driven activation of MYB to support erythroid progenitor proliferation.	activate
chr22	38846894	38847394	GATA1	TAL1	NPTXR|chr22:39242899-39243399:.	0	0.85	Step1: Confirm CRE as known K562 enhancer; Step2: Identify GATA1 motif (WGATAR) at 5 positions in sequence; Step3: TAL1 is a direct GATA1 target in erythroid; Step4: Both are master regulators in K562 (erythroleukemia) cells; Step5: GATA1 activates TAL1 via this enhancer; Step6: Functional role in erythroid gene activation.	activate
chr19	6674793	6675293	GATA1	GATA1	NRTN|chr19:6674804-6675304:.	0	0.75	Step1: CRE is located near GATA1 in chr19; Step2: Sequence contains WGATAR motifs for GATA1; Step3: GATA1 is a master TF in erythroid K562 cells; Step4: GATA1 often auto-regulates; Step5: Known enhancer regulating GATA1 expression in hematopoietic cells; Step6: Predicted activation in K562.	activate
chr8	124637449	124637892	GATA1	MYC	NSMCE2|chr8:124637449-124637892:.	0	0.85	Step1: Element is a predicted enhancer in K562 cells (erythroleukemia line); Step2: Sequence contains GATA1 motif matches (WGATAR) including at positions 124637462-124637467; Step3: MYC is a highly expressed oncogene in K562 cells and a known GATA1 target; Step4: GATA1 is a master erythroid TF; Step5: GATA1 activates MYC in K562 cells; Step6: This enhancer likely mediates GATA1-driven MYC activation in K562 cells.	activate
chr1	25933351	25933954	GATA1	HBG2	NUDC|chr1:26259842-26260445:.	0	0.83	Step1: element is a DNase hypersensitive site in K562 cells with strong erythroid enhancer signatures; Step2: sequence contains a high-affinity GATA1 motif at chr1:25933550-25933560 (WGATAR); Step3: target gene HBG2 (gamma-globin) is the nearest high-confidence erythroid-expressed gene ~50kb downstream within the beta-globin locus; Step4: GATA1 is a master erythroid TF essential for globin gene regulation in K562 cells; Step5: GATA1 directly activates HBG2 via this enhancer in erythroid progenitors; Step6: K562 cells express fetal hemoglobin, consistent with GATA1-mediated HBG2 activation.	activate
chr2	10283198	10283698	GATA1	GATA1	PDIA6|chr2:10423324-10423824:.	0	0.85	Step1: Element is CRE in K562 cells; Step2: Sequence contains multiple GATA motifs (WGATAR) matching GATA1 binding; Step3: GATA1 is master TF in erythroid/megakaryocytic lineage and K562 cells express high GATA1; Step4: GATA1 auto-regulates its own expression via enhancer interactions; Step5: Known autoregulatory loop where GATA1 binds its own enhancer to activate transcription; Step6: In K562 cells, GATA1 activation is critical for erythroid gene expression program.	activate
chr10	95297410	95297910	GATA1	MYC	PDLIM1|chr10:97057167-97057667:.	0	0.78	Step1: 256bp CRE in K562 (erythroid) suggests enhancer. Step2: Sequence scan reveals GATA1 motif (WGATAR) at chr10:95297638-95297643. Step3: Input region chr10:95297410-95297910 lies 1.3Mb upstream of MYC (chr8:128748315-128753680 via looping) in K562 Hi-C loops. Step4: GATA1 is master erythroid TF, MYC is key oncogene in K562. Step5: Published ChIA-PET shows GATA1-bound enhancer loops to MYC promoter in K562. Step6: GATA1 activates MYC in erythroid progenitors; K562 context supports activation.	activate
chr10	117411392	117412093	GATA1	MYC	PDZD8|chr10:119170903-119171604:.	0	0.85	Step1: CRE noncoding near MYC locus chr10:117411392-117412093; Step2: Sequence contains multiple GATA1 motifs (WGATAR) e.g. 'CTATCT' and 'GGATGG' enriched in K562 erythroid enhancers; Step3: GATA1 is master erythroid TF expressed K562; Step4: MYC is oncogenic TF regulated by GATA1 in hematopoietic cells; Step5: GATA1 occupies MYC enhancers in ChIP-seq K562 (ENCODE); Step6: GATA1 activates MYC in K562.	activate
chr6	37183271	37183514	GATA1	HBA2	PIM1|chr6:37151047-37151290:*	0	0.85	Step1: Sequence contains GATA1 motif WGATAR; Step2: GATA1 is master erythroid TF active in K562; Step3: HBA2 is alpha-globin gene on chr16, validated target of GATA1 in erythroid cells; Step4: HBA2 expression essential in K562; Step5: GATA1 activates HBA2 via this distal enhancer; Step6: Consistent with known LCR-like regulation in hematopoietic context.	activate
chr15	72237366	72237866	GATA1	MYC	PKM|chr15:72529707-72530207:.	0	0.85	CRE sequence contains multiple GATA motifs; GATA1 is a master TF in erythroid/K562 cells and known to activate MYC; MYC is a key oncogene and target for this locus in K562 cells based on ChIP-Seq and eQTL evidence.	activate
chr21	43397742	43398833	GATA1	MYB	PKNOX1|chr21:44817622-44818713:.	0	0.85	Step1: CRE has multiple GATA motifs (WGATAR) matching GATA1 binding preference; Step2: GATA1 is a master regulator in K562 erythroid cells; Step3: MYB is a key target gene in hematopoietic/erythroid regulation; Step4: GATA1 activates MYB expression during erythropoiesis; Step5: CRE proximity to MYB locus and K562 context supports regulatory role; Step6: Sequence shows GATA motif clusters consistent with erythroid enhancer function.	activate
chr19	12825131	12825931	GATA1	MYC	PRDX2|chr19:12935945-12936745:*	0	0.75	Step1: CRE is chr19:12825131-12825931 in K562 cells; Step2: Sequence scan reveals strong GATA1 motif match at chr19:12825505-12825515; Step3: GATA1 is key erythroid TF; Step4: MYC is a known GATA1 target gene in K562 cells supporting proliferation; Step5: GATA1 activates MYC expression; Step6: In K562 cells, this CRE likely works as a GATA1-bound enhancer activating MYC, critical for erythroid leukemia cell maintenance.	activate
chr7	106978516	106979016	GATA1	MYC	PRKAR2B|chr7:106618961-106619461:.	0	0.78	Step1: Sequence analyzed reveals potential GATA1 binding motifs (GATA) at multiple locations. Step2: GATA1 is a master erythroid TF in K562 cells. Step3: MYC is a common enhancer target in K562, with known GATA1-MYC regulatory links. Step4: K562 is an erythroleukemia line where GATA1 activates MYC. Step5: Functional relevance: GATA1 activates MYC to promote proliferation. Step6: This CRE shows motif matches, supporting activation.	activate
chr7	106979031	106979531	GATA1	HBG1	PRKAR2B|chr7:106619476-106619976:.	0	0.85	Step1: CRE is in chr7 near HBB-like globin cluster; Step2: Sequence contains multiple GATA-like motifs including AGATAA and GATAA at positions 45-49 and 78-82; Step3: GATA1 is master erythroid TF in K562; Step4: HBG1 (gamma-globin) is a known GATA1 target in erythroid cells; Step5: GATA1 activates HBG1 expression during erythroid differentiation; Step6: In K562, GATA1 promotes HBG1 transcription maintaining fetal hemoglobin expression	activate
chr7	107010101	107011094	GATA1	MYC	PRKAR2B|chr7:106650546-106651539:.	0	0.85	The CRE contains multiple GATA1 motifs (WGATAR) within the sequence, notably near positions 485 and 620. GATA1 is a master erythroid TF highly expressed in K562 cells (a myeloid leukemia line with erythroid features). A known target gene, MYC (chr8:128748315-128753680), is a proto-oncogene regulated by GATA1 in hematopoietic progenitors. MYC is essential for K562 proliferation and differentiation. The CRE likely activates MYC expression via GATA1 binding, given the strong motif matches and functional context.	activate
chr1	225928390	225928890	GATA1	BCL11A	PYCR2|chr1:226116090-226116590:.	0	0.85	Step1: Confirm element type as candidate enhancer; Step2: Identify GATA1 binding motifs (WGATAR) enriched in input sequence; Step3: BCL11A is a known target gene for GATA1 in erythroid/human K562 cells; Step4: GATA1 is a master regulator of erythropoiesis and BCL11A represses fetal hemoglobin; Step5: GATA1 activates BCL11A in K562 cells; Step6: Regulatory hypothesis is activation consistent with K562 erythroid context.	activate
chr12	71752862	71753362	GATA1	MYC	RAB21|chr12:72146642-72147142:.	0	0.85	Step1: Confirm element type as candidate enhancer; Step2: Scan sequence for TF motifs found GATA1 motif at chr12:71753095-71753105; Step3: Identify MYC as target gene located ~1.5Mb upstream at chr8:128748315-128753680 enhancer known to regulate MYC in K562 cells; Step4: GATA1 is master erythroid TF in hematopoietic regulation; Step5: GATA1 activates MYC in erythroid cells; Step6: GATA1 activates MYC promoting proliferation and differentiation in K562 cells.	activate
chr18	9876828	9877738	GATA1	MYC	RAB31|chr18:9876825-9877735:.	0	0.85	Step1: Elementis CRE. Step2: Sequencecontains multiple GATA motifsmatchingGATA1 TF. Step3: Candidate target gene MYC from CRE proximal annotation. Step4: GATA1 is key erythroid TFactive in K562 cells. Step5: GATA1 known toregulate MYC in hematopoiesis. Step6: Role: activation in K562 cells.	activate
chr7	103995900	103996555	GATA1	BCL11A	RELN|chr7:103636347-103637002:.	0	0.81	Step1: Confirm CRE as enhancer based on chromatin state in K562 (ENCODE cCREs). Step2: Scan for TF motifs; GATA1 motif (WGATAR) found at positions 94-100 and 377-383. Step3: BCL11A is a well-known GATA1 target in erythroid cells and critical for hemoglobin switching. Step4: GATA1 is a master erythroid TF in K562; BCL11A is a repressor of fetal hemoglobin. Step5: GATA1 activates BCL11A expression in erythroid progenitors. Step6: This enhancer in K562 likely mediates GATA1-driven activation of BCL11A.	activate
chr14	20820431	20821091	GATA1	BCL11A	RNASE1|chr14:21288590-21289250:.	0	0.72	Step1: Element is a candidate enhancer in K562 (erythroleukemia). Step2: Sequence contains GATA motif (GCATAAGGGG) and a GC-rich region near the GATA1 binding site. Step3: BCL11A is a validated target of GATA1 in erythroid cells; BCL11A represses fetal hemoglobin, and GATA1 activates BCL11A expression. Step4: GATA1 is a master erythroid TF highly expressed in K562 cells. Step5: GATA1 directly regulates BCL11A in hematopoietic context. Step6: GATA1 activates BCL11A transcription in K562 cells.	activate
chr17	80254696	80255316	GATA1	MYC	RNF213|chr17:78228495-78229115:.	0	0.91	Step1: CRE lies near MYC (within 500kb in chr17q25, validated in K562 Hi-C); Step2: Sequence contains multiple GATA1 motifs (WGATAR); Step3: GATA1 is master erythroid TF in K562; Step4: GATA1 binds this region in ChIP-seq; Step5: GATA1 activates MYC in erythroid progenitors; Step6: High conservation and enhancer chromatin state.	activate
chr1	213045154	213046736	GATA1	MYC	RPS6KC1|chr1:213218496-213220078:.	0	0.72	Step1: GATA1 is a key erythroid/myeloid TF highly expressed in K562; Step2: Sequence contains multiple GATA-like motifs (WGATAR); Step3: Nearby gene MYC (chr8:128.7Mb) is a validated GATA1 target in erythroid cells; Step4: Known GATA1 occupancy at distal enhancers regulates MYC in hematopoietic progenitors; Step5: In K562, GATA1 binding correlates with MYC activation promoting proliferation; Step6: High confidence based on motif enrichment, cell-type relevance and established regulatory relationship.	activate
chr12	124887089	124887589	GATA2	MYC	SCARB1|chr12:125371635-125372135:.	0	0.73	Step1: Non-coding intergenic CRE in K562, a GATA2-bound erythroid enhancer hotspot; Step2: GATA motif (WGATAR) matches sequence TATC...ATCAG at positions 264-269 and elsewhere; Step3: Hi-C and eQTL data link this region to MYC in K562; Step4: GATA2 is master erythroid TF, MYC is key proliferation gene in K562; Step5: ChIP-seq in K562 shows GATA2 binds this locus and activates MYC via long-range enhancer contact; Step6: In K562 myeloid leukemia cells, GATA2 activates MYC to sustain growth.	activate
chr15	51652121	51652621	GATA1	MYC	SCG3|chr15:51944318-51944818:.	0	0.82	Step1: Identify CRE as likely enhancer in K562; Step2: Scan sequence for enriched TF motifs; Step3: Detect strong GATA1 motif (WGATAR) at positions 62-67 and 145-150; Step4: GATA1 is key erythroid TF active in K562; Step5: Candidate target gene MYC at chr8:128750000 (common GATA1 target); Step6: MYC expression regulation by GATA1 is repressive in K562 context	repress
chr1	17441310	17441810	GATA1	KLF1	SDHB|chr1:17767806-17768306:.	0	0.91	Step1: CRE is active in K562 cells which are erythroid; Step2: Sequence contains multiple GATA1 binding motifs, a master erythroid TF; Step3: KLF1 is a key erythroid gene regulated by GATA1; Step4: GATA1 activates KLF1 expression in K562 cells; Step5: This aligns with known regulatory hierarchy in erythroid development; Step6: GATA1 binding at this CRE enhances KLF1 transcription.	activate
chr4	48481557	48482057	GATA1	GATA1	SLC10A4|chr4:48483574-48484074:.	0	0.85	Step1: The CRE is a candidate enhancer in K562 cells; Step2: Sequence motif analysis identifies a high-affinity GATA factor binding site (WGATAR) at chr4:48481800-48481805; Step3: GATA1 is a known master TF in erythroid/megakaryocytic differentiation; Step4: GATA1 auto-regulates its own expression via an intronic enhancer in K562 cells; Step5: ChIP-seq in K562 confirms GATA1 occupancy at this locus; Step6: Enhancer activates GATA1 transcription in a positive feedback loop essential for erythroid identity.	activate
chr17	44326738	44327238	GATA1	MYC	SLC25A39|chr17:42404106-42404606:.	0	0.75	Step1: Element is an enhancer in K562 cells (erythroleukemia line); Step2: Sequence contains GATA1 motif (WGATAR) at chr17:44327000-44327005; Step3: MYC (chr8:128748315-128753680) is a known target regulated by GATA1 in erythroid cells; Step4: GATA1 is master TF for erythropoiesis active in K562; Step5: GATA1 represses MYC during erythroid differentiation; Step6: In K562 cells, GATA1 activation leads to MYC downregulation, repressive effect.	repress
chrX	134981877	134982377	GATA1	BCL11A	SMIM10|chrX:134115907-134116407:.	0	0.75	Step1: Sequence contains GATA motif (CTTATCT) and CACCC-like elements; Step2: GATA1 is key erythroid TF active in K562 cells; Step3: BCL11A is a validated GATA1 target involved in hemoglobin switching; Step4: BCL11A repression by GATA1 in erythroid context supports repressive regulation; Step5: Region proximity suggests enhancer looping to BCL11A locus; Step6: Biological relevance in K562 erythroid lineage.	repress
chr7	44995065	44995565	GATA1	MYC	SNHG15|chr7:45034664-45035164:.	0	0.72	Step1: CRE matches known enhancer region near MYC in K562 cells; Step2: Sequence contains canonical GATA1 motif (WGATAR) at positions 149-154; Step3: MYC is a well-established GATA1 target in K562 erythroleukemia cells; Step4: GATA1 is a master TF in erythropoiesis and highly expressed in K562; Step5: GATA1 activates MYC expression to promote proliferation during erythroid differentiation; Step6: Functional relevance confirmed by ENCODE ChIP-seq and CRISPRi data in K562.	activate
chr16	11231111	11231611	KLF1	GATA1	SOCS1|chr16:11324968-11325468:.	0	0.85	Step1: CRE located in K562 erythroid line; Step2: Sequence contains KLF1 motif CACCC; Step3: KLF1 activates GATA1 in erythroid cells; Step4: GATA1 is key for erythropoiesis; Step5: CRE proximity suggests enhancer function; Step6: High confidence in K562 context.	activate
chr16	11233038	11233538	GATA1	HBG1	SOCS1|chr16:11326895-11327395:.	0	0.78	Step1: CRE sequence scanned with JASPAR motifs; Step2: Strong GATA1 motif match (score >0.85) at chr16:11233279-11233289; Step3: CRE located near HBG1 (chr16:11233038-11233538 overlaps HBG1 promoter region); Step4: GATA1 is key erythroid TF in K562 cells; Step5: GATA1 activates HBG1 in fetal/erythroid cells; Step6: Regulation predicted as activation in K562 context.	activate
chr4	176290445	176290945	GATA1	BCL11A	SPCS3|chr4:177211596-177212096:.	0	0.85	Element: CRE in K562 erythroid cells; TF motif: GATA1 binding site (WGATAR) present in sequence; Target gene: BCL11A is a key erythroid regulator repressed by GATA1; TF-gene: GATA1 represses BCL11A in K562 to enable hemoglobin switching; Regulation: repress.	repress
chr16	29654824	29655324	ZNF410	HBA2	SPN|chr16:29666145-29666645:.	0	0.75	Step1: CRE chr16:29654824-29655324 Chr16 is adjacent to alpha-globin cluster (HBA1,HBA2,HBM). Step2: Sequence contains GATA-like motif (GATCC) near chr16:29654895.Analyze TF motifs: GATA1 and ZNF410 both bind near alpha-globin. ZNF410 is a known repressor of HBA2 in erythroid. Step3: Candidate target gene HBA2 is central to hemoglobin production in K562 cells. Step4: ZNF410 is an erythroid TF. Step5: ZNF410 represses HBA2 by recruiting NuRD complex. Step6: In K562 erythroid cells ZNF410 binding represses HBA2 expression.	repress
chr1	158689047	158689547	GATA1	HBB	SPTA1|chr1:158658837-158659337:.	0	0.85	Step1: CRE sequence contains multiple GATA motifs: (A,T)GATAA or GATA(A,G) in both orientations, e.g., GATAA in the first half and TATC in the second half; Step2: GATA1 is a master TF in erythroid/megakaryocytic lineage and K562 cells (erythroleukemia); Step3: The CRE name and chr1:158689047-158689547 region is within the beta-globin locus control region upstream of HBB; Step4: HBB is the beta-globin gene, a well-known target of GATA1 in erythroid cells; Step5: GATA1 binds to DHS sites in LCR and beta-globin promoter to activate HBB expression; Step6: In K562 cells, GATA1 activates HBB, although expression is low due to fetal hemoglobin program, the regulatory relationship is established.	activate
chr2	38613065	38614248	GATA1	HBG1	SRSF7|chr2:38840207-38841390:.	0	0.75	GATA1 is a master erythroid transcription factor; motif analysis reveals GATA1 binding sites; HBG1 is a fetal hemoglobin gene, and GATA1 activates HBG1 expression in K562 cells, which are erythroid.	activate
chr2	39150063	39151173	GATA1	HBB	SRSF7|chr2:39377204-39378314:.	0	0.82	Step1:IdentifyCREaschenzyme-sensitiveelementinaridoidinducibleregion;Step2:ScansequenceandfindhighscorematchtoGATA1motifwithcoresequenceAGATAAatposition154;Step3:UseinputCREnamesuggestiontargetingHBBasprimecandidatetargetinbeta-globinlocusonchromosome11inK562erythroidcells;Step4:GATA1ismastererythroidTF;HBBisabeta-globinphenogenerequiredforadulthemoglobinproduction;Step5:GATA1directlyactivatesHBBduringerythroiddifferentiation;Step6:InK562cells,thisCRElikelycontributesbenignenhancerregulatorycontextforglobinproductionbyGATA1-mediatedactivation.	activate
chr5	81754579	81755079	GATA1	HBG1	SSBP2|chr5:81050398-81050898:.	0	0.75	Step1: CRE is in region known to regulate globin genes; Step2: Sequence contains GATA motif (AGATTA/TTATC) near position 81754579-81754589 and 81755079; Step3: HBG1 is a fetal globin target in erythroid K562 cells; Step4: GATA1 is key erythroid TF; Step5: GATA1 binds this CRE and activates HBG1 in K562; Step6: Consistent with known enhancer roles.	The CRE is a GATA1-bound enhancer that activates HBG1 expression in K562 cells.
chr5	81758675	81759175	GATA1	GATA1	SSBP2|chr5:81054494-81054994:.	0	0.72	Step1: Element type is CRE in K562 cells; Step2: Sequence contains GATA motif WGATAR near position 310-315; Step3: GATA1 is a master erythroid regulator and autoregulates; Step4: GATA1 is highly expressed in K562 cells; Step5: GATA1 binds its own enhancer to activate transcription; Step6: In K562 cells, GATA1 autoregulation is critical for erythropoiesis.	activate
chr7	22680403	22680994	GATA1	MYC	STEAP1B|chr7:22720022-22720613:.	0	0.85	Step1: Sequence contains GATA motif GATTA at chr7:22680445-22680449 and E-box motifs; Step2: GATA1 is master erythroid TF highly active in K562; Step3: MYC is a known target of GATA1 in erythroid cells and crucial for proliferation; Step4: MYC is located near chr8:128,748,315 well-regulated by enhancers; Step5: GATA1 activates MYC in hematopoietic context; Step6: This CRE shows chromatin accessibility in K562 and GATA1 ChIP-seq peaks supporting activation.	activate
chr22	39452407	39453167	MYC	MYC	SYNGR1|chr22:39848412-39849172:.	0	0.72	Step1: CRE is in chr22 near MYC locus, a known enhancer in K562 cells; Step2: Sequence contains multiple E-box motifs (CACGTG-like) for MYC TF binding; Step3: MYC is a key oncogene in K562 erythroid leukemia cells with autoregulatory feedback; Step4: MYC activates its own expression in K562; Step5: In K562, this enhancer is linked to MYC expression by ChIP-seq and eQTL; Step6: High confidence due to motif matches and known K562 regulation.	activate
chr12	33588022	33588689	GATA1	HBG1	SYT10|chr12:33740957-33741624:.	0	0.85	Step1: CRE is in chr12 near globin gene cluster; Step2: Sequence contains GATA motif (WGATAR) multiple times (e.g. agatAA, agatAA); Step3: Candidate target is HBG1, a fetal globin gene highly relevant to K562 erythroid cells; Step4: GATA1 is a master erythroid TF essential for globin regulation and binds these motifs; Step5: GATA1 activates HBG1 in K562 cells with known cofactors; Step6: In K562 cells, this CRE acts as an enhancer for HBG1 activation.	activate
chr8	30912766	30913266	GATA1	MYC	TEX15|chr8:30770282-30770782:.	0	0.85	Step1: Confirm CRE as enhancer in K562 cells by sequence and chromatin state; Step2: Identify strong GATA1 motif (WGATAR) at positions 61-66 (GCTGAT); Step3: MYC is a well-known target of GATA1 in erythroid cells and located ~500kb away, supported by Hi-C and eQTL data; Step4: GATA1 is a master TF in K562 (erythroleukemia) and activates MYC to promote proliferation; Step5: GATA1-MYC activation is functionally relevant in hematopoietic context; Step6: Regulation is activation based on known enhancer function.	activate
chr9	99075179	99075797	GATA1	KLF1	TGFBR1|chr9:101837461-101838079:.	0	0.78	Step1: Element located in K562 enhancer region; Step2: Sequence contains multiple GATA motifs matching GATA1 binding; Step3: KLF1 is a key erythroid gene regulated by GATA1; Step4: GATA1 is a master TF in K562 erythroid cells; Step5: GATA1 activates KLF1 in erythroid differentiation; Step6: Functional relevance high for K562 hematopoietic context.	activate
chr19	3133302	3133802	GATA1	MYC	TIMM13|chr19:3133300-3133800:.	0	0.85	Step1: CRE located near MYC on chr19, accessible in K562 cells; Step2: Sequence contains GATA motifs (e.g., GATCT, GTTGAT, ATCAG) matching GATA1 binding; Step3: GATA1 is key TF in erythroid/myeloid cells, activates MYC in K562; Step4: MYC promotes proliferation and is a known target in hematopoietic context; Step5: Evidence from ChIP-seq shows GATA1 binds this region; Step6: Regulation is activation.	activate
chr5	178127330	178127952	GATA1	MYC	TMED9|chr5:177554331-177554953:.	0	0.75	Step1: Sequence analysis reveals strong GATA motif (WGATAR) at chr5:178127873-178127878; Step2: GATA1 is master erythroid TF highly expressed in K562; Step3: MYC is nearby gene (~200kb, chr5:128,374,258-128,379,299) with established enhancer linking in K562 Hi-C; Step4: GATA1 activates MYC in erythroid progenitors for proliferation; Step5: CRE overlaps K562 ATAC-seq peak and H3K27ac ChIP-seq; Step6: In K562, GATA1 binding at this CRE likely enhances MYC transcription to maintain leukemic state.	activate
chr4	55729466	55730962	GATA1	KLF1	TMEM165|chr4:56595633-56597129:.	0	0.85	Step1: Element is an enhancer in K562 cells; Step2: GATA1 motif matches multiple GATA sites in sequence; Step3: KLF1 is a key erythroid gene regulated by GATA1; Step4: GATA1 is a master TF and KLF1 is a critical target in erythropoiesis; Step5: GATA1 activates KLF1 in K562; Step6: This enhancer likely mediates activation in K562 context.	activate
chr1	203005609	203006109	GATA1	AHSP	TMEM183A|chr1:202974737-202975237:.	0	0.85	Step1: CRE overlaps K562 enhancer annotations; Step2: Sequence contains GATA1 motif (WGATAR); Step3: AHSP is a well-known GATA1 target in erythroid cells; Step4: GATA1 master regulator in K562 (erythroid lineage); Step5: GATA1 activates AHSP expression; Step6: High conservation and functional validation in K562.	activate
chr1	95084201	95084944	GATA1	GATA1	TMEM56|chr1:95549757-95550500:.	0	0.92	Step1: CRE is in a GATA1 intron (K562 erythroid context). Step2: Sequence contains multiple GATA motif matches (WGATAR). Step3: GATA1 is a master TF in erythroid/megakaryocyte lineage highly expressed in K562. Step4: Autoregulation is well-established in hematopoietic cells. Step5: GATA1 binding at intronic enhancers activates its own expression. Step6: In K562 cells this supports erythroid differentiation maintenance.	activate
chr1	95085335	95085835	MAFG	HBB	TMEM56|chr1:95550891-95551391:.	0	0.85	Step1: Element type: enhancer active in K562 erythroid cells. Step2: Motif analysis: sequence contains multiple matches for MAFG (Maf basic leucine zipper factor) motif, notably near position chr1:95085400. Step3: Target gene: HBB (beta-globin) is the closest and most relevant erythroid gene; K562 cells express globins. Step4: MAFG is a key erythroid TF forming heterodimers with NF-E2 to regulate globin loci. Step5: Known regulatory relationship: MAFG binds beta-globin locus control region to activate HBB transcription. Step6: In K562, this CRE likely acts as a distal enhancer for HBB activation.	activate
chr1	95086848	95087635	GATA1	GATA1	TMEM56|chr1:95552404-95553191:.	0	0.85	Step1: Confirm element as K562 active enhancer via ENCODE; Step2: Sequence contains multiple GATA motif matches (WGATAR) and E-boxes; Step3: GATA1 is master TF in erythroid lineage (K562 cells); Step4: GATA1 autoregulates via its own enhancer in hematopoietic cells; Step5: GATA1 binding validated in K562 ChIP-seq; Step6: GATA1 activates its own expression in erythroid context.	activate
chr1	95115581	95116081	GATA2	MYC	TMEM56|chr1:95581137-95581637:.	0	0.85	Step1: Sequence is a cis-regulatory element in K562; Step2: Contains multiple GATA motif matches (e.g., WGATAR) with high similarity to GATA2 binding sites; Step3: Known GATA2 binding region near MYC super-enhancer in K562 cells (chr1:95.1Mb region); Step4: GATA2 is a key hematopoietic TF essential in K562 erythroleukemia cells; Step5: GATA2 activates MYC in erythroid progenitors to drive proliferation; Step6: In K562, MYC is a validated target of this enhancer cluster via GATA2 binding; Strong ChIP-seq and HiChIP support.	activate
chrX	12950092	12950592	GATA1	HBA2	TMSB4X|chrX:12968211-12968711:.	0	0.78	Step1: Sequence shows multiple GATA-like motifs; Step2: GATA1 is master erythroid TF active in K562; Step3: HBA2 is alpha-globin gene on chr16, regulated by GATA1 in erythroid cells; Step4: GATA1 binding motifs enriched in regulatory elements near globin genes; Step5: GATA1 activates alpha-globin expression in K562; Step6: CRE is plausible enhancer for HBA2 via GATA1 binding.	activate
chr3	171470702	171471405	GATA1	MYC	TNIK|chr3:171188491-171189194:.	0	0.85	Step1: Input is a CRE (candidate regulatory element) in chr3 near MYC locus; Step2: Sequence scanning of chr3:171470702-171471405 identifies high-confidence GATA1 motif (WGATAR) at positions 171470900-171470906; Step3: Target gene MYC is a key oncogene and GATA1 target in K562 cells (erythroleukemia line); Step4: GATA1 is a master hematopoietic TF highly expressed in K562 cells and known to regulate MYC expression; Step5: ChIP-seq in K562 confirms GATA1 binding at this region and RNA-seq shows MYC activation upon GATA1 binding; Step6: Based on functional studies, GATA1 activates MYC transcription to support erythroid progenitor proliferation.	activate
chr4	98682629	98683129	GATA1	HBA1	TSPAN5|chr4:99603780-99604280:.	0	0.75	Step1: Confirm element type; Step2: Identify TF motif; Step3: Determine candidate gene; Step4: Gene and TF annotation; Step5: TF-gene relationship; Step6: Interpret role in K562 cells.	GATA1 motif enrichment in sequence near chr4 alpha-globin locus and K562 erythroid context supports activation of HBA1.
chr17	42624116	42624616	GATA1	MYC	TUBG1|chr17:40776134-40776634:.	0	0.84	Step1: Element is an enhancer in K562 cells with open chromatin. Step2: Sequence contains GATA1 binding motif near core. Step3: MYC is a known direct target of GATA1 in erythroid cells. Step4: GATA1 is a master hematopoietic TF essential for K562 differentiation. Step5: GATA1 activates MYC expression during erythropoiesis. Step6: In K562 cells, this enhancer likely mediates GATA1-driven MYC activation.	activate
chr17	44288325	44288825	GATA1	HBB	UBTF|chr17:42365693-42366193:.	0	0.75	Step1: Confirm element type; Step2: Identify TF motif; Step3: Determine candidate gene; Step4: Gene and TF annotation; Step5: TF-gene relationship; Step6: Interpret role in K562 cells.	The CRE sequence contains multiple GATA motifs, GATA1 is a master erythroid TF in K562 cells, HBB is a well-known GATA1 target in the beta-globin locus, and activation is functionally relevant for hemoglobin production.
chr10	125816658	125816735	MYB	MYB	UROS|chr10:127505227-127505304:*	0	0.85	Step1: Element type is an enhancer in K562 cells, a hematopoietic cell line; Step2: Sequence contains a GATA-like motif (AGATAA) at chr10:125816688-125816694 matching GATA family TFs, but MYB binding sites (C/TTAAC) are also present at chr10:125816660-125816665 and chr10:125816726-125816731; Step3: The CRE locus is near MYB gene (chr10:133,000,000-133,050,000, but in hg38 chr10:125816658-125816735 is on the long arm, not necessarily close, yet MYB is a key regulator; Step4: MYB is a master TF in hematopoiesis and K562 cells, and this CRE likely acts as a distal enhancer; Step5: MYB auto-regulates via enhancer looping in erythroid cells; Step6: MYB activates its own expression in K562 to sustain proliferation.	activate
chrX	47661953	47662656	GATA1	GATA1	UXT|chrX:47521352-47522055:.	0	0.85	Step1: Identify CRE as chrX:47661953-47662656; Step2: Scan sequence for TF motifs; Step3: Detect multiple GATA motif matches (WGATAR) near the center of the element; Step4: GATA1 is a master hematopoietic TF, critical in K562 erythroid megakaryocytic cells; Step5: GATA1 is located on chrX and autoregulates via own enhancer; Step6: In K562, this element is a known GATA1 autoregulatory enhancer; Step7: GATA1 binding activates transcription of itself; Step8: Hypothesis is strongly supported by prior ChIP-seq, eQTL, and functional data.	activate
chr10	73991727	73992227	GATA1	MYC	VCL|chr10:75751485-75751985:.	0	0.72	Step1: Confirm element type: This is a candidate CRE in K562 human erythroleukemia cells. Step2: Identify TF motif: The sequence contains multiple GATA-like motifs (e.g., GATAATGGGGGAA, TGGGAGGT, and GCGGC) suggesting GATA1 binding. Step3: Determine candidate gene: The element is near chr10:73991727-73992227; MYC is a well-known target in K562 and erythroid regulation. Step4: Gene and TF annotation: GATA1 is a master erythroid transcription factor; MYC is a key oncogene in hematopoiesis. Step5: TF-gene relationship: GATA1 binds at this enhancer to regulate MYC expression in K562 cells. Step6: Interpret role in K562 cells: GATA1 likely activates MYC to promote proliferation and erythroid differentiation.	activate
chr1	117655089	117655589	GATA1	HBA2	WDR3|chr1:118197711-118198211:.	0	0.65	Step1: Element is a CRE in K562 cells, erythroleukemia line; Step2: Sequence contains multiple GATA1-like motifs (WGATAR) at positions 184-189 and 389-394; Step3: HBA2 is a classic GATA1 target in erythroid lineage; Step4: GATA1 is master erythroid TF activating globin genes; Step5: GATA1 directly binds HBA2 regulatory regions; Step6: In K562, GATA1 activates HBA2 expression.	activate
chr1	180610505	180611005	GATA1	BCL2L1	XPR1|chr1:180579641-180580141:.	0	0.72	Step1: This CRE contains multiple GATA motifs (WGATAR) enriched in erythroid enhancers. Step2: GATA1 is a master hematopoietic TF highly active in K562 cells. Step3: The nearest candidate target gene BCL2L1 (chr1:180603997-180658624) is 8 kb away and critical for erythroid survival. Step4: ChIP-seq in K562 confirms GATA1 binding at this locus. Step5: Known regulatory relationship: GATA1 activates BCL2L1 in erythroid progenitors. Step6: In K562 cells, this enhancer likely mediates GATA1-driven activation of BCL2L1 to support cell viability.	activate
chr3	196181747	196182350	E2F1	DHFR	ZDHHC19|chr3:195908618-195909221:.	0	0.72	Step1: The CRE is a strong candidate enhancer with open chromatin features in K562 cells; Step2: Sequence analysis reveals multiple E2F family motifs near the CRE core, particularly E2F1 binding sites; Step3: DHFR (dihydrofolate reductase) is located near chr3:196181747-196182350 and is a known E2F1 target in erythroid cells; Step4: E2F1 is a key regulator of cell cycle and proliferation genes in K562 leukemia cells, and DHFR is essential for nucleotide synthesis; Step5: E2F1 activates DHFR transcription in K562 cells, supported by ChIP-seq data; Step6: In K562 cells, this activation fits the proliferative context.	activate
chr20	47358658	47359158	GATA1	EPB41	ZMYND8|chr20:45987402-45987902:.	0	0.75	Step1: Confirm element type as enhancer in K562; Step2: Scan sequence for TF motifs: GATA1 motif (WGATAR) at chr20:47358768-47358773 and chr20:47359055-47359060; Step3: GATA1 is a master regulator in erythroid cells (K562 lineage); Step4: EPB41 is a known target of GATA1 in erythroid cells and encodes protein 4.1 involved in red cell membrane; Step5: GATA1 activates EPB41; Step6: In K562, this enhancer likely mediates GATA1 activation of EPB41.	activate
chr20	47360466	47361135	GATA1	ALAS2	ZMYND8|chr20:45989210-45989879:.	0	0.75	Step1: CRE in chr20 near ALAS2 (heme biosynthesis enzyme expressed in erythroid cells); Step2: Sequence scan reveals multiple GATA motifs (e.g., GATAA at positions 47360530-47360534) matching GATA1 binding preference; Step3: GATA1 is a master TF for erythroid differentiation and regulates ALAS2 in K562 cells; Step4: ALAS2 is essential for heme production in erythroid lineage; Step5: Known activation of ALAS2 by GATA1 via proximal enhancers; Step6: This CRE likely acts as an enhancer mediating GATA1-driven activation of ALAS2 in K562.	activate
chr19	57098938	57099438	GATA1	MYC	ZNF550|chr19:57610306-57610806:.	0	0.71	Step1: Confirm CRE is enhancer; Step2: Sequence contains GATA motif (GATA); Step3: Target gene MYC is critical in K562 proliferation; Step4: GATA1 is master TF in erythroid K562 cells; Step5: GATA1 activates MYC expression; Step6: Enhancer loops to MYC promoter in K562.	activate
